Algeria;1916;1916;6;14;23;00;0;n;1;00;0;S
Algeria;1916;1919;10;6>=1;23;00;0;n;0;0;0;-
Algeria;1917;1917;3;24;23;00;0;n;1;00;0;S
Algeria;1918;1918;3;9;23;00;0;n;1;00;0;S
Algeria;1919;1919;3;1;23;00;0;n;1;00;0;S
Algeria;1920;1920;2;14;23;00;0;n;1;00;0;S
Algeria;1920;1920;10;23;23;00;0;n;0;0;0;-
Algeria;1921;1921;3;14;23;00;0;n;1;00;0;S
Algeria;1921;1921;6;21;23;00;0;n;0;0;0;-
Algeria;1939;1939;9;11;23;00;0;n;1;00;0;S
Algeria;1939;1939;11;19;1;00;0;n;0;0;0;-
Algeria;1944;1945;4;0>=1;2;00;0;n;1;00;0;S
Algeria;1944;1944;10;8;2;00;0;n;0;0;0;-
Algeria;1945;1945;9;16;1;00;0;n;0;0;0;-
Algeria;1971;1971;4;25;23;00;0;n;1;00;0;S
Algeria;1971;1971;9;26;23;00;0;n;0;0;0;-
Algeria;1977;1977;5;6;0;00;0;n;1;00;0;S
Algeria;1977;1977;10;21;0;00;0;n;0;0;0;-
Algeria;1978;1978;3;24;1;00;0;n;1;00;0;S
Algeria;1978;1978;9;22;3;00;0;n;0;0;0;-
Algeria;1980;1980;4;25;0;00;0;n;1;00;0;S
Algeria;1980;1980;10;31;2;00;0;n;0;0;0;-
Egypt;1940;1940;7;15;0;00;0;n;1;00;0;S
Egypt;1940;1940;10;1;0;00;0;n;0;0;0;-
Egypt;1941;1941;4;15;0;00;0;n;1;00;0;S
Egypt;1941;1941;9;16;0;00;0;n;0;0;0;-
Egypt;1942;1944;4;1;0;00;0;n;1;00;0;S
Egypt;1942;1942;10;27;0;00;0;n;0;0;0;-
Egypt;1943;1945;11;1;0;00;0;n;0;0;0;-
Egypt;1945;1945;4;16;0;00;0;n;1;00;0;S
Egypt;1957;1957;5;10;0;00;0;n;1;00;0;S
Egypt;1957;1958;10;1;0;00;0;n;0;0;0;-
Egypt;1958;1958;5;1;0;00;0;n;1;00;0;S
Egypt;1959;1981;5;1;1;00;0;n;1;00;0;S
Egypt;1959;1965;9;30;3;00;0;n;0;0;0;-
Egypt;1966;1994;10;1;3;00;0;n;0;0;0;-
Egypt;1982;1982;7;25;1;00;0;n;1;00;0;S
Egypt;1983;1983;7;12;1;00;0;n;1;00;0;S
Egypt;1984;1988;5;1;1;00;0;n;1;00;0;S
Egypt;1989;1989;5;6;1;00;0;n;1;00;0;S
Egypt;1990;1994;5;1;1;00;0;n;1;00;0;S
Egypt;1995;2010;4;last4;0;00;0;n;1;00;0;S
Egypt;1995;2005;9;last3;24;00;0;n;0;0;0;-
Egypt;2006;2006;9;21;24;00;0;n;0;0;0;-
Egypt;2007;2007;9;3>=1;24;00;0;n;0;0;0;-
Egypt;2008;2008;8;last3;24;00;0;n;0;0;0;-
Egypt;2009;2009;8;20;24;00;0;n;0;0;0;-
Egypt;2010;2010;8;10;24;00;0;n;0;0;0;-
Egypt;2010;2010;9;9;24;00;0;n;1;00;0;S
Egypt;2010;2010;9;last3;24;00;0;n;0;0;0;-
Egypt;2014;2014;5;15;24;00;0;n;1;00;0;S
Egypt;2014;2014;6;26;24;00;0;n;0;0;0;-
Egypt;2014;2014;7;31;24;00;0;n;1;00;0;S
Egypt;2014;2014;9;last3;24;00;0;n;0;0;0;-
Egypt;2023;max;4;last4;0;00;0;n;1;00;0;S
Egypt;2023;max;10;last3;24;00;0;n;0;0;0;-
Libya;1951;1951;10;14;2;00;0;n;1;00;0;S
Libya;1952;1952;1;1;0;00;0;n;0;0;0;-
Libya;1953;1953;10;9;2;00;0;n;1;00;0;S
Libya;1954;1954;1;1;0;00;0;n;0;0;0;-
Libya;1955;1955;9;30;0;00;0;n;1;00;0;S
Libya;1956;1956;1;1;0;00;0;n;0;0;0;-
Libya;1982;1984;4;1;0;00;0;n;1;00;0;S
Libya;1982;1985;10;1;0;00;0;n;0;0;0;-
Libya;1985;1985;4;6;0;00;0;n;1;00;0;S
Libya;1986;1986;4;4;0;00;0;n;1;00;0;S
Libya;1986;1986;10;3;0;00;0;n;0;0;0;-
Libya;1987;1989;4;1;0;00;0;n;1;00;0;S
Libya;1987;1989;10;1;0;00;0;n;0;0;0;-
Libya;1997;1997;4;4;0;00;0;n;1;00;0;S
Libya;1997;1997;10;4;0;00;0;n;0;0;0;-
Libya;2013;2013;3;last4;1;00;0;n;1;00;0;S
Libya;2013;2013;10;last4;2;00;0;n;0;0;0;-
Mauritius;1982;1982;10;10;0;00;0;n;1;00;0;-
Mauritius;1983;1983;3;21;0;00;0;n;0;0;0;-
Mauritius;2008;2008;10;last6;2;00;0;n;1;00;0;-
Mauritius;2009;2009;3;last6;2;00;0;n;0;0;0;-
Morocco;1939;1939;9;12;0;00;0;n;1;00;0;-
Morocco;1939;1939;11;19;0;00;0;n;0;0;0;-
Morocco;1940;1940;2;25;0;00;0;n;1;00;0;-
Morocco;1945;1945;11;18;0;00;0;n;0;0;0;-
Morocco;1950;1950;6;11;0;00;0;n;1;00;0;-
Morocco;1950;1950;10;29;0;00;0;n;0;0;0;-
Morocco;1967;1967;6;3;12;00;0;n;1;00;0;-
Morocco;1967;1967;10;1;0;00;0;n;0;0;0;-
Morocco;1974;1974;6;24;0;00;0;n;1;00;0;-
Morocco;1974;1974;9;1;0;00;0;n;0;0;0;-
Morocco;1976;1977;5;1;0;00;0;n;1;00;0;-
Morocco;1976;1976;8;1;0;00;0;n;0;0;0;-
Morocco;1977;1977;9;28;0;00;0;n;0;0;0;-
Morocco;1978;1978;6;1;0;00;0;n;1;00;0;-
Morocco;1978;1978;8;4;0;00;0;n;0;0;0;-
Morocco;2008;2008;6;1;0;00;0;n;1;00;0;-
Morocco;2008;2008;9;1;0;00;0;n;0;0;0;-
Morocco;2009;2009;6;1;0;00;0;n;1;00;0;-
Morocco;2009;2009;8;21;0;00;0;n;0;0;0;-
Morocco;2010;2010;5;2;0;00;0;n;1;00;0;-
Morocco;2010;2010;8;8;0;00;0;n;0;0;0;-
Morocco;2011;2011;4;3;0;00;0;n;1;00;0;-
Morocco;2011;2011;7;31;0;00;0;n;0;0;0;-
Morocco;2012;2013;4;last6;2;00;0;n;1;00;0;-
Morocco;2012;2012;7;20;3;00;0;n;0;0;0;-
Morocco;2012;2012;8;20;2;00;0;n;1;00;0;-
Morocco;2012;2012;9;30;3;00;0;n;0;0;0;-
Morocco;2013;2013;7;7;3;00;0;n;0;0;0;-
Morocco;2013;2013;8;10;2;00;0;n;1;00;0;-
Morocco;2013;2018;10;last6;3;00;0;n;0;0;0;-
Morocco;2014;2018;3;last6;2;00;0;n;1;00;0;-
Morocco;2014;2014;6;28;3;00;0;n;0;0;0;-
Morocco;2014;2014;8;2;2;00;0;n;1;00;0;-
Morocco;2015;2015;6;14;3;00;0;n;0;0;0;-
Morocco;2015;2015;7;19;2;00;0;n;1;00;0;-
Morocco;2016;2016;6;5;3;00;0;n;0;0;0;-
Morocco;2016;2016;7;10;2;00;0;n;1;00;0;-
Morocco;2017;2017;5;21;3;00;0;n;0;0;0;-
Morocco;2017;2017;7;2;2;00;0;n;1;00;0;-
Morocco;2018;2018;5;13;3;00;0;n;0;0;0;-
Morocco;2018;2018;6;17;2;00;0;n;1;00;0;-
Morocco;2019;2019;5;5;3;00;0;n;-1;00;0;-
Morocco;2019;2019;6;9;2;00;0;n;0;0;0;-
Morocco;2020;2020;4;19;3;00;0;n;-1;00;0;-
Morocco;2020;2020;5;31;2;00;0;n;0;0;0;-
Morocco;2021;2021;4;11;3;00;0;n;-1;00;0;-
Morocco;2021;2021;5;16;2;00;0;n;0;0;0;-
Morocco;2022;2022;3;27;3;00;0;n;-1;00;0;-
Morocco;2022;2022;5;8;2;00;0;n;0;0;0;-
Morocco;2023;2023;3;19;3;00;0;n;-1;00;0;-
Morocco;2023;2023;4;23;2;00;0;n;0;0;0;-
Morocco;2024;2024;3;10;3;00;0;n;-1;00;0;-
Morocco;2024;2024;4;14;2;00;0;n;0;0;0;-
Morocco;2025;2025;2;23;3;00;0;n;-1;00;0;-
Morocco;2025;2025;4;6;2;00;0;n;0;0;0;-
Morocco;2026;2026;2;15;3;00;0;n;-1;00;0;-
Morocco;2026;2026;3;22;2;00;0;n;0;0;0;-
Morocco;2027;2027;2;7;3;00;0;n;-1;00;0;-
Morocco;2027;2027;3;14;2;00;0;n;0;0;0;-
Morocco;2028;2028;1;23;3;00;0;n;-1;00;0;-
Morocco;2028;2028;3;5;2;00;0;n;0;0;0;-
Morocco;2029;2029;1;14;3;00;0;n;-1;00;0;-
Morocco;2029;2029;2;18;2;00;0;n;0;0;0;-
Morocco;2029;2029;12;30;3;00;0;n;-1;00;0;-
Morocco;2030;2030;2;10;2;00;0;n;0;0;0;-
Morocco;2030;2030;12;22;3;00;0;n;-1;00;0;-
Morocco;2031;2031;1;26;2;00;0;n;0;0;0;-
Morocco;2031;2031;12;14;3;00;0;n;-1;00;0;-
Morocco;2032;2032;1;18;2;00;0;n;0;0;0;-
Morocco;2032;2032;11;28;3;00;0;n;-1;00;0;-
Morocco;2033;2033;1;9;2;00;0;n;0;0;0;-
Morocco;2033;2033;11;20;3;00;0;n;-1;00;0;-
Morocco;2033;2033;12;25;2;00;0;n;0;0;0;-
Morocco;2034;2034;11;5;3;00;0;n;-1;00;0;-
Morocco;2034;2034;12;17;2;00;0;n;0;0;0;-
Morocco;2035;2035;10;28;3;00;0;n;-1;00;0;-
Morocco;2035;2035;12;9;2;00;0;n;0;0;0;-
Morocco;2036;2036;10;19;3;00;0;n;-1;00;0;-
Morocco;2036;2036;11;23;2;00;0;n;0;0;0;-
Morocco;2037;2037;10;4;3;00;0;n;-1;00;0;-
Morocco;2037;2037;11;15;2;00;0;n;0;0;0;-
Morocco;2038;2038;9;26;3;00;0;n;-1;00;0;-
Morocco;2038;2038;10;31;2;00;0;n;0;0;0;-
Morocco;2039;2039;9;18;3;00;0;n;-1;00;0;-
Morocco;2039;2039;10;23;2;00;0;n;0;0;0;-
Morocco;2040;2040;9;2;3;00;0;n;-1;00;0;-
Morocco;2040;2040;10;14;2;00;0;n;0;0;0;-
Morocco;2041;2041;8;25;3;00;0;n;-1;00;0;-
Morocco;2041;2041;9;29;2;00;0;n;0;0;0;-
Morocco;2042;2042;8;10;3;00;0;n;-1;00;0;-
Morocco;2042;2042;9;21;2;00;0;n;0;0;0;-
Morocco;2043;2043;8;2;3;00;0;n;-1;00;0;-
Morocco;2043;2043;9;13;2;00;0;n;0;0;0;-
Morocco;2044;2044;7;24;3;00;0;n;-1;00;0;-
Morocco;2044;2044;8;28;2;00;0;n;0;0;0;-
Morocco;2045;2045;7;9;3;00;0;n;-1;00;0;-
Morocco;2045;2045;8;20;2;00;0;n;0;0;0;-
Morocco;2046;2046;7;1;3;00;0;n;-1;00;0;-
Morocco;2046;2046;8;5;2;00;0;n;0;0;0;-
Morocco;2047;2047;6;23;3;00;0;n;-1;00;0;-
Morocco;2047;2047;7;28;2;00;0;n;0;0;0;-
Morocco;2048;2048;6;7;3;00;0;n;-1;00;0;-
Morocco;2048;2048;7;19;2;00;0;n;0;0;0;-
Morocco;2049;2049;5;30;3;00;0;n;-1;00;0;-
Morocco;2049;2049;7;4;2;00;0;n;0;0;0;-
Morocco;2050;2050;5;15;3;00;0;n;-1;00;0;-
Morocco;2050;2050;6;26;2;00;0;n;0;0;0;-
Morocco;2051;2051;5;7;3;00;0;n;-1;00;0;-
Morocco;2051;2051;6;18;2;00;0;n;0;0;0;-
Morocco;2052;2052;4;28;3;00;0;n;-1;00;0;-
Morocco;2052;2052;6;2;2;00;0;n;0;0;0;-
Morocco;2053;2053;4;13;3;00;0;n;-1;00;0;-
Morocco;2053;2053;5;25;2;00;0;n;0;0;0;-
Morocco;2054;2054;4;5;3;00;0;n;-1;00;0;-
Morocco;2054;2054;5;10;2;00;0;n;0;0;0;-
Morocco;2055;2055;3;28;3;00;0;n;-1;00;0;-
Morocco;2055;2055;5;2;2;00;0;n;0;0;0;-
Morocco;2056;2056;3;12;3;00;0;n;-1;00;0;-
Morocco;2056;2056;4;23;2;00;0;n;0;0;0;-
Morocco;2057;2057;3;4;3;00;0;n;-1;00;0;-
Morocco;2057;2057;4;8;2;00;0;n;0;0;0;-
Morocco;2058;2058;2;17;3;00;0;n;-1;00;0;-
Morocco;2058;2058;3;31;2;00;0;n;0;0;0;-
Morocco;2059;2059;2;9;3;00;0;n;-1;00;0;-
Morocco;2059;2059;3;23;2;00;0;n;0;0;0;-
Morocco;2060;2060;2;1;3;00;0;n;-1;00;0;-
Morocco;2060;2060;3;7;2;00;0;n;0;0;0;-
Morocco;2061;2061;1;16;3;00;0;n;-1;00;0;-
Morocco;2061;2061;2;27;2;00;0;n;0;0;0;-
Morocco;2062;2062;1;8;3;00;0;n;-1;00;0;-
Morocco;2062;2062;2;12;2;00;0;n;0;0;0;-
Morocco;2062;2062;12;31;3;00;0;n;-1;00;0;-
Morocco;2063;2063;2;4;2;00;0;n;0;0;0;-
Morocco;2063;2063;12;16;3;00;0;n;-1;00;0;-
Morocco;2064;2064;1;27;2;00;0;n;0;0;0;-
Morocco;2064;2064;12;7;3;00;0;n;-1;00;0;-
Morocco;2065;2065;1;11;2;00;0;n;0;0;0;-
Morocco;2065;2065;11;22;3;00;0;n;-1;00;0;-
Morocco;2066;2066;1;3;2;00;0;n;0;0;0;-
Morocco;2066;2066;11;14;3;00;0;n;-1;00;0;-
Morocco;2066;2066;12;26;2;00;0;n;0;0;0;-
Morocco;2067;2067;11;6;3;00;0;n;-1;00;0;-
Morocco;2067;2067;12;11;2;00;0;n;0;0;0;-
Morocco;2068;2068;10;21;3;00;0;n;-1;00;0;-
Morocco;2068;2068;12;2;2;00;0;n;0;0;0;-
Morocco;2069;2069;10;13;3;00;0;n;-1;00;0;-
Morocco;2069;2069;11;17;2;00;0;n;0;0;0;-
Morocco;2070;2070;10;5;3;00;0;n;-1;00;0;-
Morocco;2070;2070;11;9;2;00;0;n;0;0;0;-
Morocco;2071;2071;9;20;3;00;0;n;-1;00;0;-
Morocco;2071;2071;11;1;2;00;0;n;0;0;0;-
Morocco;2072;2072;9;11;3;00;0;n;-1;00;0;-
Morocco;2072;2072;10;16;2;00;0;n;0;0;0;-
Morocco;2073;2073;8;27;3;00;0;n;-1;00;0;-
Morocco;2073;2073;10;8;2;00;0;n;0;0;0;-
Morocco;2074;2074;8;19;3;00;0;n;-1;00;0;-
Morocco;2074;2074;9;30;2;00;0;n;0;0;0;-
Morocco;2075;2075;8;11;3;00;0;n;-1;00;0;-
Morocco;2075;2075;9;15;2;00;0;n;0;0;0;-
Morocco;2076;2076;7;26;3;00;0;n;-1;00;0;-
Morocco;2076;2076;9;6;2;00;0;n;0;0;0;-
Morocco;2077;2077;7;18;3;00;0;n;-1;00;0;-
Morocco;2077;2077;8;22;2;00;0;n;0;0;0;-
Morocco;2078;2078;7;10;3;00;0;n;-1;00;0;-
Morocco;2078;2078;8;14;2;00;0;n;0;0;0;-
Morocco;2079;2079;6;25;3;00;0;n;-1;00;0;-
Morocco;2079;2079;8;6;2;00;0;n;0;0;0;-
Morocco;2080;2080;6;16;3;00;0;n;-1;00;0;-
Morocco;2080;2080;7;21;2;00;0;n;0;0;0;-
Morocco;2081;2081;6;1;3;00;0;n;-1;00;0;-
Morocco;2081;2081;7;13;2;00;0;n;0;0;0;-
Morocco;2082;2082;5;24;3;00;0;n;-1;00;0;-
Morocco;2082;2082;6;28;2;00;0;n;0;0;0;-
Morocco;2083;2083;5;16;3;00;0;n;-1;00;0;-
Morocco;2083;2083;6;20;2;00;0;n;0;0;0;-
Morocco;2084;2084;4;30;3;00;0;n;-1;00;0;-
Morocco;2084;2084;6;11;2;00;0;n;0;0;0;-
Morocco;2085;2085;4;22;3;00;0;n;-1;00;0;-
Morocco;2085;2085;5;27;2;00;0;n;0;0;0;-
Morocco;2086;2086;4;14;3;00;0;n;-1;00;0;-
Morocco;2086;2086;5;19;2;00;0;n;0;0;0;-
Morocco;2087;2087;3;30;3;00;0;n;-1;00;0;-
Morocco;2087;2087;5;11;2;00;0;n;0;0;0;-
Namibia;1994;1994;3;21;0;00;0;n;-1;00;0;WAT
Namibia;1994;2017;9;6>=1;2;00;0;n;0;0;0;CAT
Namibia;1995;2017;4;6>=1;2;00;0;n;-1;00;0;WAT
SA;1942;1943;9;6>=1;2;00;0;n;1;00;0;-
SA;1943;1944;3;6>=1;2;00;0;n;0;0;0;-
Sudan;1970;1970;5;1;0;00;0;n;1;00;0;S
Sudan;1970;1985;10;15;0;00;0;n;0;0;0;-
Sudan;1971;1971;4;30;0;00;0;n;1;00;0;S
Sudan;1972;1985;4;last6;0;00;0;n;1;00;0;S
Tunisia;1939;1939;4;15;23;00;0;n;1;00;0;S
Tunisia;1939;1939;11;18;23;00;0;n;0;0;0;-
Tunisia;1940;1940;2;25;23;00;0;n;1;00;0;S
Tunisia;1941;1941;10;6;0;00;0;n;0;0;0;-
Tunisia;1942;1942;3;9;0;00;0;n;1;00;0;S
Tunisia;1942;1942;11;2;3;00;0;n;0;0;0;-
Tunisia;1943;1943;3;29;2;00;0;n;1;00;0;S
Tunisia;1943;1943;4;17;2;00;0;n;0;0;0;-
Tunisia;1943;1943;4;25;2;00;0;n;1;00;0;S
Tunisia;1943;1943;10;4;2;00;0;n;0;0;0;-
Tunisia;1944;1945;4;0>=1;2;00;0;n;1;00;0;S
Tunisia;1944;1944;10;8;0;00;0;n;0;0;0;-
Tunisia;1945;1945;9;16;0;00;0;n;0;0;0;-
Tunisia;1977;1977;4;30;0;00;0;n;1;00;0;S
Tunisia;1977;1977;9;24;0;00;0;n;0;0;0;-
Tunisia;1978;1978;5;1;0;00;0;n;1;00;0;S
Tunisia;1978;1978;10;1;0;00;0;n;0;0;0;-
Tunisia;1988;1988;6;1;0;00;0;n;1;00;0;S
Tunisia;1988;1990;9;last6;0;00;0;n;0;0;0;-
Tunisia;1989;1989;3;26;0;00;0;n;1;00;0;S
Tunisia;1990;1990;5;1;0;00;0;n;1;00;0;S
Tunisia;2005;2005;5;1;0;00;0;n;1;00;0;S
Tunisia;2005;2005;9;30;1;00;0;n;0;0;0;-
Tunisia;2006;2008;3;last6;2;00;0;n;1;00;0;S
Tunisia;2006;2008;10;last6;2;00;0;n;0;0;0;-
Troll;2005;max;3;last6;1;00;0;u;2;00;0;+02
Troll;2004;max;10;last6;1;00;0;u;0;00;0;+00
EUAsia;1981;max;3;last6;1;00;0;u;1;00;0;S
EUAsia;1979;1995;9;last6;1;00;0;u;0;0;0;-
EUAsia;1996;max;10;last6;1;00;0;u;0;0;0;-
E-EurAsia;1981;max;3;last6;0;00;0;n;1;00;0;-
E-EurAsia;1979;1995;9;last6;0;00;0;n;0;0;0;-
E-EurAsia;1996;max;10;last6;0;00;0;n;0;0;0;-
RussiaAsia;1981;1984;4;1;0;00;0;n;1;00;0;-
RussiaAsia;1981;1983;10;1;0;00;0;n;0;0;0;-
RussiaAsia;1984;1995;9;last6;2;00;0;n;0;0;0;-
RussiaAsia;1985;2010;3;last6;2;00;0;n;1;00;0;-
RussiaAsia;1996;2010;10;last6;2;00;0;n;0;0;0;-
Armenia;2011;2011;3;last6;2;00;0;n;1;00;0;-
Armenia;2011;2011;10;last6;2;00;0;n;0;0;0;-
Azer;1997;2015;3;last6;4;00;0;n;1;00;0;-
Azer;1997;2015;10;last6;5;00;0;n;0;0;0;-
Dhaka;2009;2009;6;19;23;00;0;n;1;00;0;-
Dhaka;2009;2009;12;31;24;00;0;n;0;0;0;-
Shang;1919;1919;4;12;24;00;0;n;1;00;0;D
Shang;1919;1919;9;30;24;00;0;n;0;0;0;S
Shang;1940;1940;6;1;0;00;0;n;1;00;0;D
Shang;1940;1940;10;12;24;00;0;n;0;0;0;S
Shang;1941;1941;3;15;0;00;0;n;1;00;0;D
Shang;1941;1941;11;1;24;00;0;n;0;0;0;S
Shang;1942;1942;1;31;0;00;0;n;1;00;0;D
Shang;1945;1945;9;1;24;00;0;n;0;0;0;S
Shang;1946;1946;5;15;0;00;0;n;1;00;0;D
Shang;1946;1946;9;30;24;00;0;n;0;0;0;S
Shang;1947;1947;4;15;0;00;0;n;1;00;0;D
Shang;1947;1947;10;31;24;00;0;n;0;0;0;S
Shang;1948;1949;5;1;0;00;0;n;1;00;0;D
Shang;1948;1949;9;30;24;00;0;n;0;0;0;S
PRC;1986;1986;5;4;2;00;0;n;1;00;0;D
PRC;1986;1991;9;6>=1;2;00;0;n;0;0;0;S
PRC;1987;1991;4;6>=1;2;00;0;n;1;00;0;D
HK;1946;1946;4;21;0;00;0;n;1;00;0;S
HK;1946;1946;12;1;3;30;0;n;0;0;0;-
HK;1947;1947;4;13;3;30;0;n;1;00;0;S
HK;1947;1947;11;30;3;30;0;n;0;0;0;-
HK;1948;1948;5;2;3;30;0;n;1;00;0;S
HK;1948;1952;10;6>=2;3;30;0;n;0;0;0;-
HK;1949;1953;4;6>=1;3;30;0;n;1;00;0;S
HK;1953;1964;10;6>=3;3;30;0;n;0;0;0;-
HK;1954;1964;3;6>=1;3;30;0;n;1;00;0;S
HK;1965;1976;4;6>=1;3;30;0;n;1;00;0;S
HK;1965;1976;10;6>=1;3;30;0;n;0;0;0;-
HK;1973;1973;12;30;3;30;0;n;1;00;0;S
HK;1979;1979;5;13;3;30;0;n;1;00;0;S
HK;1979;1979;10;21;3;30;0;n;0;0;0;-
Taiwan;1946;1946;5;15;0;00;0;n;1;00;0;D
Taiwan;1946;1946;10;1;0;00;0;n;0;0;0;S
Taiwan;1947;1947;4;15;0;00;0;n;1;00;0;D
Taiwan;1947;1947;11;1;0;00;0;n;0;0;0;S
Taiwan;1948;1951;5;1;0;00;0;n;1;00;0;D
Taiwan;1948;1951;10;1;0;00;0;n;0;0;0;S
Taiwan;1952;1952;3;1;0;00;0;n;1;00;0;D
Taiwan;1952;1954;11;1;0;00;0;n;0;0;0;S
Taiwan;1953;1959;4;1;0;00;0;n;1;00;0;D
Taiwan;1955;1961;10;1;0;00;0;n;0;0;0;S
Taiwan;1960;1961;6;1;0;00;0;n;1;00;0;D
Taiwan;1974;1975;4;1;0;00;0;n;1;00;0;D
Taiwan;1974;1975;10;1;0;00;0;n;0;0;0;S
Taiwan;1979;1979;7;1;0;00;0;n;1;00;0;D
Taiwan;1979;1979;10;1;0;00;0;n;0;0;0;S
Macau;1942;1943;4;30;23;00;0;n;1;00;0;-
Macau;1942;1942;11;17;23;00;0;n;0;0;0;-
Macau;1943;1943;9;30;23;00;0;n;0;0;0;S
Macau;1946;1946;4;30;23;00;0;n;1;00;0;D
Macau;1946;1946;9;30;23;00;0;n;0;0;0;S
Macau;1947;1947;4;19;23;00;0;n;1;00;0;D
Macau;1947;1947;11;30;23;00;0;n;0;0;0;S
Macau;1948;1948;5;2;23;00;0;n;1;00;0;D
Macau;1948;1948;10;31;23;00;0;n;0;0;0;S
Macau;1949;1950;4;5>=1;23;00;0;n;1;00;0;D
Macau;1949;1950;10;last5;23;00;0;n;0;0;0;S
Macau;1951;1951;3;31;23;00;0;n;1;00;0;D
Macau;1951;1951;10;28;23;00;0;n;0;0;0;S
Macau;1952;1953;4;5>=1;23;00;0;n;1;00;0;D
Macau;1952;1952;11;1;23;00;0;n;0;0;0;S
Macau;1953;1954;10;last5;23;00;0;n;0;0;0;S
Macau;1954;1956;3;5>=1;23;00;0;n;1;00;0;D
Macau;1955;1955;11;5;23;00;0;n;0;0;0;S
Macau;1956;1964;11;6>=1;03;30;0;n;0;0;0;S
Macau;1957;1964;3;6>=1;03;30;0;n;1;00;0;D
Macau;1965;1973;4;6>=1;03;30;0;n;1;00;0;D
Macau;1965;1966;10;6>=1;02;30;0;n;0;0;0;S
Macau;1967;1976;10;6>=1;03;30;0;n;0;0;0;S
Macau;1973;1973;12;30;03;30;0;n;1;00;0;D
Macau;1975;1976;4;6>=1;03;30;0;n;1;00;0;D
Macau;1979;1979;5;13;03;30;0;n;1;00;0;D
Macau;1979;1979;10;6>=1;03;30;0;n;0;0;0;S
Cyprus;1975;1975;4;13;0;00;0;n;1;00;0;S
Cyprus;1975;1975;10;12;0;00;0;n;0;0;0;-
Cyprus;1976;1976;5;15;0;00;0;n;1;00;0;S
Cyprus;1976;1976;10;11;0;00;0;n;0;0;0;-
Cyprus;1977;1980;4;6>=1;0;00;0;n;1;00;0;S
Cyprus;1977;1977;9;25;0;00;0;n;0;0;0;-
Cyprus;1978;1978;10;2;0;00;0;n;0;0;0;-
Cyprus;1979;1997;9;last6;0;00;0;n;0;0;0;-
Cyprus;1981;1998;3;last6;0;00;0;n;1;00;0;S
Iran;1910;1910;1;1;00;00;0;n;0;0;0;-
Iran;1977;1977;3;21;23;00;0;n;1;00;0;-
Iran;1977;1977;10;20;24;00;0;n;0;0;0;-
Iran;1978;1978;3;24;24;00;0;n;1;00;0;-
Iran;1978;1978;8;5;01;00;0;n;0;0;0;-
Iran;1979;1979;5;26;24;00;0;n;1;00;0;-
Iran;1979;1979;9;18;24;00;0;n;0;0;0;-
Iran;1980;1980;3;20;24;00;0;n;1;00;0;-
Iran;1980;1980;9;22;24;00;0;n;0;0;0;-
Iran;1991;1991;5;2;24;00;0;n;1;00;0;-
Iran;1992;1995;3;21;24;00;0;n;1;00;0;-
Iran;1991;1995;9;21;24;00;0;n;0;0;0;-
Iran;1996;1996;3;20;24;00;0;n;1;00;0;-
Iran;1996;1996;9;20;24;00;0;n;0;0;0;-
Iran;1997;1999;3;21;24;00;0;n;1;00;0;-
Iran;1997;1999;9;21;24;00;0;n;0;0;0;-
Iran;2000;2000;3;20;24;00;0;n;1;00;0;-
Iran;2000;2000;9;20;24;00;0;n;0;0;0;-
Iran;2001;2003;3;21;24;00;0;n;1;00;0;-
Iran;2001;2003;9;21;24;00;0;n;0;0;0;-
Iran;2004;2004;3;20;24;00;0;n;1;00;0;-
Iran;2004;2004;9;20;24;00;0;n;0;0;0;-
Iran;2005;2005;3;21;24;00;0;n;1;00;0;-
Iran;2005;2005;9;21;24;00;0;n;0;0;0;-
Iran;2008;2008;3;20;24;00;0;n;1;00;0;-
Iran;2008;2008;9;20;24;00;0;n;0;0;0;-
Iran;2009;2011;3;21;24;00;0;n;1;00;0;-
Iran;2009;2011;9;21;24;00;0;n;0;0;0;-
Iran;2012;2012;3;20;24;00;0;n;1;00;0;-
Iran;2012;2012;9;20;24;00;0;n;0;0;0;-
Iran;2013;2015;3;21;24;00;0;n;1;00;0;-
Iran;2013;2015;9;21;24;00;0;n;0;0;0;-
Iran;2016;2016;3;20;24;00;0;n;1;00;0;-
Iran;2016;2016;9;20;24;00;0;n;0;0;0;-
Iran;2017;2019;3;21;24;00;0;n;1;00;0;-
Iran;2017;2019;9;21;24;00;0;n;0;0;0;-
Iran;2020;2020;3;20;24;00;0;n;1;00;0;-
Iran;2020;2020;9;20;24;00;0;n;0;0;0;-
Iran;2021;2022;3;21;24;00;0;n;1;00;0;-
Iran;2021;2022;9;21;24;00;0;n;0;0;0;-
Iraq;1982;1982;5;1;0;00;0;n;1;00;0;-
Iraq;1982;1984;10;1;0;00;0;n;0;0;0;-
Iraq;1983;1983;3;31;0;00;0;n;1;00;0;-
Iraq;1984;1985;4;1;0;00;0;n;1;00;0;-
Iraq;1985;1990;9;last6;1;00;0;n;0;0;0;-
Iraq;1986;1990;3;last6;1;00;0;n;1;00;0;-
Iraq;1991;2007;4;1;3;00;0;n;1;00;0;-
Iraq;1991;2007;10;1;3;00;0;n;0;0;0;-
Zion;1940;1940;5;31;24;00;0;u;1;00;0;D
Zion;1940;1940;9;30;24;00;0;u;0;0;0;S
Zion;1940;1940;11;16;24;00;0;u;1;00;0;D
Zion;1942;1946;10;31;24;00;0;u;0;0;0;S
Zion;1943;1944;3;31;24;00;0;u;1;00;0;D
Zion;1945;1946;4;15;24;00;0;u;1;00;0;D
Zion;1948;1948;5;22;24;00;0;u;2;00;0;DD
Zion;1948;1948;8;31;24;00;0;u;1;00;0;D
Zion;1948;1949;10;31;24;00;0;u;0;0;0;S
Zion;1949;1949;4;30;24;00;0;u;1;00;0;D
Zion;1950;1950;4;15;24;00;0;u;1;00;0;D
Zion;1950;1950;9;14;24;00;0;u;0;0;0;S
Zion;1951;1951;3;31;24;00;0;u;1;00;0;D
Zion;1951;1951;11;10;24;00;0;u;0;0;0;S
Zion;1952;1952;4;19;24;00;0;u;1;00;0;D
Zion;1952;1952;10;18;24;00;0;u;0;0;0;S
Zion;1953;1953;4;11;24;00;0;u;1;00;0;D
Zion;1953;1953;9;12;24;00;0;u;0;0;0;S
Zion;1954;1954;6;12;24;00;0;u;1;00;0;D
Zion;1954;1954;9;11;24;00;0;u;0;0;0;S
Zion;1955;1955;6;11;24;00;0;u;1;00;0;D
Zion;1955;1955;9;10;24;00;0;u;0;0;0;S
Zion;1956;1956;6;2;24;00;0;u;1;00;0;D
Zion;1956;1956;9;29;24;00;0;u;0;0;0;S
Zion;1957;1957;4;27;24;00;0;u;1;00;0;D
Zion;1957;1957;9;21;24;00;0;u;0;0;0;S
Zion;1974;1974;7;6;24;00;0;n;1;00;0;D
Zion;1974;1974;10;12;24;00;0;n;0;0;0;S
Zion;1975;1975;4;19;24;00;0;n;1;00;0;D
Zion;1975;1975;8;30;24;00;0;n;0;0;0;S
Zion;1980;1980;8;2;24;00;0;n;1;00;0;D
Zion;1980;1980;9;13;24;00;0;n;0;0;0;S
Zion;1984;1984;5;5;24;00;0;n;1;00;0;D
Zion;1984;1984;8;25;24;00;0;n;0;0;0;S
Zion;1985;1985;4;13;24;00;0;n;1;00;0;D
Zion;1985;1985;8;31;24;00;0;n;0;0;0;S
Zion;1986;1986;5;17;24;00;0;n;1;00;0;D
Zion;1986;1986;9;6;24;00;0;n;0;0;0;S
Zion;1987;1987;4;14;24;00;0;n;1;00;0;D
Zion;1987;1987;9;12;24;00;0;n;0;0;0;S
Zion;1988;1988;4;9;24;00;0;n;1;00;0;D
Zion;1988;1988;9;3;24;00;0;n;0;0;0;S
Zion;1989;1989;4;29;24;00;0;n;1;00;0;D
Zion;1989;1989;9;2;24;00;0;n;0;0;0;S
Zion;1990;1990;3;24;24;00;0;n;1;00;0;D
Zion;1990;1990;8;25;24;00;0;n;0;0;0;S
Zion;1991;1991;3;23;24;00;0;n;1;00;0;D
Zion;1991;1991;8;31;24;00;0;n;0;0;0;S
Zion;1992;1992;3;28;24;00;0;n;1;00;0;D
Zion;1992;1992;9;5;24;00;0;n;0;0;0;S
Zion;1993;1993;4;2;0;00;0;n;1;00;0;D
Zion;1993;1993;9;5;0;00;0;n;0;0;0;S
Zion;1994;1994;4;1;0;00;0;n;1;00;0;D
Zion;1994;1994;8;28;0;00;0;n;0;0;0;S
Zion;1995;1995;3;31;0;00;0;n;1;00;0;D
Zion;1995;1995;9;3;0;00;0;n;0;0;0;S
Zion;1996;1996;3;14;24;00;0;n;1;00;0;D
Zion;1996;1996;9;15;24;00;0;n;0;0;0;S
Zion;1997;1997;3;20;24;00;0;n;1;00;0;D
Zion;1997;1997;9;13;24;00;0;n;0;0;0;S
Zion;1998;1998;3;20;0;00;0;n;1;00;0;D
Zion;1998;1998;9;6;0;00;0;n;0;0;0;S
Zion;1999;1999;4;2;2;00;0;n;1;00;0;D
Zion;1999;1999;9;3;2;00;0;n;0;0;0;S
Zion;2000;2000;4;14;2;00;0;n;1;00;0;D
Zion;2000;2000;10;6;1;00;0;n;0;0;0;S
Zion;2001;2001;4;9;1;00;0;n;1;00;0;D
Zion;2001;2001;9;24;1;00;0;n;0;0;0;S
Zion;2002;2002;3;29;1;00;0;n;1;00;0;D
Zion;2002;2002;10;7;1;00;0;n;0;0;0;S
Zion;2003;2003;3;28;1;00;0;n;1;00;0;D
Zion;2003;2003;10;3;1;00;0;n;0;0;0;S
Zion;2004;2004;4;7;1;00;0;n;1;00;0;D
Zion;2004;2004;9;22;1;00;0;n;0;0;0;S
Zion;2005;2012;4;Fri<=1;2;00;0;n;1;00;0;D
Zion;2005;2005;10;9;2;00;0;n;0;0;0;S
Zion;2006;2006;10;1;2;00;0;n;0;0;0;S
Zion;2007;2007;9;16;2;00;0;n;0;0;0;S
Zion;2008;2008;10;5;2;00;0;n;0;0;0;S
Zion;2009;2009;9;27;2;00;0;n;0;0;0;S
Zion;2010;2010;9;12;2;00;0;n;0;0;0;S
Zion;2011;2011;10;2;2;00;0;n;0;0;0;S
Zion;2012;2012;9;23;2;00;0;n;0;0;0;S
Zion;2013;max;3;4>=2;2;00;0;n;1;00;0;D
Zion;2013;max;10;last6;2;00;0;n;0;0;0;S
Japan;1948;1948;5;5>=1;24;00;0;n;1;00;0;D
Japan;1948;1951;9;5>=8;25;00;0;n;0;0;0;S
Japan;1949;1949;4;5>=1;24;00;0;n;1;00;0;D
Japan;1950;1951;5;5>=1;24;00;0;n;1;00;0;D
Jordan;1973;1973;6;6;0;00;0;n;1;00;0;S
Jordan;1973;1975;10;1;0;00;0;n;0;0;0;-
Jordan;1974;1977;5;1;0;00;0;n;1;00;0;S
Jordan;1976;1976;11;1;0;00;0;n;0;0;0;-
Jordan;1977;1977;10;1;0;00;0;n;0;0;0;-
Jordan;1978;1978;4;30;0;00;0;n;1;00;0;S
Jordan;1978;1978;9;30;0;00;0;n;0;0;0;-
Jordan;1985;1985;4;1;0;00;0;n;1;00;0;S
Jordan;1985;1985;10;1;0;00;0;n;0;0;0;-
Jordan;1986;1988;4;4>=1;0;00;0;n;1;00;0;S
Jordan;1986;1990;10;4>=1;0;00;0;n;0;0;0;-
Jordan;1989;1989;5;8;0;00;0;n;1;00;0;S
Jordan;1990;1990;4;27;0;00;0;n;1;00;0;S
Jordan;1991;1991;4;17;0;00;0;n;1;00;0;S
Jordan;1991;1991;9;27;0;00;0;n;0;0;0;-
Jordan;1992;1992;4;10;0;00;0;n;1;00;0;S
Jordan;1992;1993;10;4>=1;0;00;0;n;0;0;0;-
Jordan;1993;1998;4;4>=1;0;00;0;n;1;00;0;S
Jordan;1994;1994;9;4>=1;0;00;0;n;0;0;0;-
Jordan;1995;1998;9;4>=1;0;00;0;n;0;0;0;-
Jordan;1999;1999;7;1;0;00;0;n;1;00;0;S
Jordan;1999;2002;9;last4;0;00;0;n;0;0;0;-
Jordan;2000;2001;3;last3;0;00;0;n;1;00;0;S
Jordan;2002;2012;3;last3;24;00;0;n;1;00;0;S
Jordan;2003;2003;10;24;0;00;0;n;0;0;0;-
Jordan;2004;2004;10;15;0;00;0;n;0;0;0;-
Jordan;2005;2005;9;last4;0;00;0;n;0;0;0;-
Jordan;2006;2011;10;last4;0;00;0;n;0;0;0;-
Jordan;2013;2013;12;20;0;00;0;n;0;0;0;-
Jordan;2014;2021;3;last3;24;00;0;n;1;00;0;S
Jordan;2014;2022;10;last4;0;00;0;n;0;0;0;-
Jordan;2022;2022;2;last3;24;00;0;n;1;00;0;S
Kyrgyz;1992;1996;4;6>=7;0;00;0;n;1;00;0;-
Kyrgyz;1992;1996;9;last6;0;00;0;n;0;0;0;-
Kyrgyz;1997;2005;3;last6;2;30;0;n;1;00;0;-
Kyrgyz;1997;2004;10;last6;2;30;0;n;0;0;0;-
ROK;1948;1948;6;1;0;00;0;n;1;00;0;D
ROK;1948;1948;9;12;24;00;0;n;0;0;0;S
ROK;1949;1949;4;3;0;00;0;n;1;00;0;D
ROK;1949;1951;9;5>=7;24;00;0;n;0;0;0;S
ROK;1950;1950;4;1;0;00;0;n;1;00;0;D
ROK;1951;1951;5;6;0;00;0;n;1;00;0;D
ROK;1955;1955;5;5;0;00;0;n;1;00;0;D
ROK;1955;1955;9;8;24;00;0;n;0;0;0;S
ROK;1956;1956;5;20;0;00;0;n;1;00;0;D
ROK;1956;1956;9;29;24;00;0;n;0;0;0;S
ROK;1957;1960;5;6>=1;0;00;0;n;1;00;0;D
ROK;1957;1960;9;5>=1;24;00;0;n;0;0;0;S
ROK;1987;1988;5;6>=8;2;00;0;n;1;00;0;D
ROK;1987;1988;10;6>=8;3;00;0;n;0;0;0;S
Lebanon;1920;1920;3;28;0;00;0;n;1;00;0;S
Lebanon;1920;1920;10;25;0;00;0;n;0;0;0;-
Lebanon;1921;1921;4;3;0;00;0;n;1;00;0;S
Lebanon;1921;1921;10;3;0;00;0;n;0;0;0;-
Lebanon;1922;1922;3;26;0;00;0;n;1;00;0;S
Lebanon;1922;1922;10;8;0;00;0;n;0;0;0;-
Lebanon;1923;1923;4;22;0;00;0;n;1;00;0;S
Lebanon;1923;1923;9;16;0;00;0;n;0;0;0;-
Lebanon;1957;1961;5;1;0;00;0;n;1;00;0;S
Lebanon;1957;1961;10;1;0;00;0;n;0;0;0;-
Lebanon;1972;1972;6;22;0;00;0;n;1;00;0;S
Lebanon;1972;1977;10;1;0;00;0;n;0;0;0;-
Lebanon;1973;1977;5;1;0;00;0;n;1;00;0;S
Lebanon;1978;1978;4;30;0;00;0;n;1;00;0;S
Lebanon;1978;1978;9;30;0;00;0;n;0;0;0;-
Lebanon;1984;1987;5;1;0;00;0;n;1;00;0;S
Lebanon;1984;1991;10;16;0;00;0;n;0;0;0;-
Lebanon;1988;1988;6;1;0;00;0;n;1;00;0;S
Lebanon;1989;1989;5;10;0;00;0;n;1;00;0;S
Lebanon;1990;1992;5;1;0;00;0;n;1;00;0;S
Lebanon;1992;1992;10;4;0;00;0;n;0;0;0;-
Lebanon;1993;max;3;last6;0;00;0;n;1;00;0;S
Lebanon;1993;1998;9;last6;0;00;0;n;0;0;0;-
Lebanon;1999;max;10;last6;0;00;0;n;0;0;0;-
NBorneo;1935;1941;9;14;0;00;0;n;0;20;0;-
NBorneo;1935;1941;12;14;0;00;0;n;0;0;0;-
Mongol;1983;1984;4;1;0;00;0;n;1;00;0;-
Mongol;1983;1983;10;1;0;00;0;n;0;0;0;-
Mongol;1985;1998;3;last6;0;00;0;n;1;00;0;-
Mongol;1984;1998;9;last6;0;00;0;n;0;0;0;-
Mongol;2001;2001;4;last5;2;00;0;n;1;00;0;-
Mongol;2001;2006;9;last5;2;00;0;n;0;0;0;-
Mongol;2002;2006;3;last5;2;00;0;n;1;00;0;-
Mongol;2015;2016;3;last5;2;00;0;n;1;00;0;-
Mongol;2015;2016;9;last5;0;00;0;n;0;0;0;-
Pakistan;2002;2002;4;6>=2;0;00;0;n;1;00;0;S
Pakistan;2002;2002;10;6>=2;0;00;0;n;0;0;0;-
Pakistan;2008;2008;6;1;0;00;0;n;1;00;0;S
Pakistan;2008;2009;11;1;0;00;0;n;0;0;0;-
Pakistan;2009;2009;4;15;0;00;0;n;1;00;0;S
EgyptAsia;1957;1957;5;10;0;00;0;n;1;00;0;S
EgyptAsia;1957;1958;10;1;0;00;0;n;0;0;0;-
EgyptAsia;1958;1958;5;1;0;00;0;n;1;00;0;S
EgyptAsia;1959;1967;5;1;1;00;0;n;1;00;0;S
EgyptAsia;1959;1965;9;30;3;00;0;n;0;0;0;-
EgyptAsia;1966;1966;10;1;3;00;0;n;0;0;0;-
Palestine;1999;2005;4;4>=1;0;00;0;n;1;00;0;S
Palestine;1999;2003;10;4>=1;0;00;0;n;0;0;0;-
Palestine;2004;2004;10;1;1;00;0;n;0;0;0;-
Palestine;2005;2005;10;4;2;00;0;n;0;0;0;-
Palestine;2006;2007;4;1;0;00;0;n;1;00;0;S
Palestine;2006;2006;9;22;0;00;0;n;0;0;0;-
Palestine;2007;2007;9;13;2;00;0;n;0;0;0;-
Palestine;2008;2009;3;last4;0;00;0;n;1;00;0;S
Palestine;2008;2008;9;1;0;00;0;n;0;0;0;-
Palestine;2009;2009;9;4;1;00;0;n;0;0;0;-
Palestine;2010;2010;3;26;0;00;0;n;1;00;0;S
Palestine;2010;2010;8;11;0;00;0;n;0;0;0;-
Palestine;2011;2011;4;1;0;01;0;n;1;00;0;S
Palestine;2011;2011;8;1;0;00;0;n;0;0;0;-
Palestine;2011;2011;8;30;0;00;0;n;1;00;0;S
Palestine;2011;2011;9;30;0;00;0;n;0;0;0;-
Palestine;2012;2014;3;last3;24;00;0;n;1;00;0;S
Palestine;2012;2012;9;21;1;00;0;n;0;0;0;-
Palestine;2013;2013;9;27;0;00;0;n;0;0;0;-
Palestine;2014;2014;10;24;0;00;0;n;0;0;0;-
Palestine;2015;2015;3;28;0;00;0;n;1;00;0;S
Palestine;2015;2015;10;23;1;00;0;n;0;0;0;-
Palestine;2016;2018;3;Sat<=30;1;00;0;n;1;00;0;S
Palestine;2016;2018;10;Sat<=30;1;00;0;n;0;0;0;-
Palestine;2019;2019;3;29;0;00;0;n;1;00;0;S
Palestine;2019;2019;10;Sat<=30;0;00;0;n;0;0;0;-
Palestine;2020;2021;3;Sat<=30;0;00;0;n;1;00;0;S
Palestine;2020;2020;10;24;1;00;0;n;0;0;0;-
Palestine;2021;2021;10;29;1;00;0;n;0;0;0;-
Palestine;2022;2022;3;27;0;00;0;n;1;00;0;S
Palestine;2022;2035;10;Sat<=30;2;00;0;n;0;0;0;-
Palestine;2023;2023;4;29;2;00;0;n;1;00;0;S
Palestine;2024;2024;4;20;2;00;0;n;1;00;0;S
Palestine;2025;2025;4;12;2;00;0;n;1;00;0;S
Palestine;2026;2054;3;Sat<=30;2;00;0;n;1;00;0;S
Palestine;2036;2036;10;18;2;00;0;n;0;0;0;-
Palestine;2037;2037;10;10;2;00;0;n;0;0;0;-
Palestine;2038;2038;9;25;2;00;0;n;0;0;0;-
Palestine;2039;2039;9;17;2;00;0;n;0;0;0;-
Palestine;2040;2040;9;1;2;00;0;n;0;0;0;-
Palestine;2040;2040;10;20;2;00;0;n;1;00;0;S
Palestine;2040;2067;10;Sat<=30;2;00;0;n;0;0;0;-
Palestine;2041;2041;8;24;2;00;0;n;0;0;0;-
Palestine;2041;2041;10;5;2;00;0;n;1;00;0;S
Palestine;2042;2042;8;16;2;00;0;n;0;0;0;-
Palestine;2042;2042;9;27;2;00;0;n;1;00;0;S
Palestine;2043;2043;8;1;2;00;0;n;0;0;0;-
Palestine;2043;2043;9;19;2;00;0;n;1;00;0;S
Palestine;2044;2044;7;23;2;00;0;n;0;0;0;-
Palestine;2044;2044;9;3;2;00;0;n;1;00;0;S
Palestine;2045;2045;7;15;2;00;0;n;0;0;0;-
Palestine;2045;2045;8;26;2;00;0;n;1;00;0;S
Palestine;2046;2046;6;30;2;00;0;n;0;0;0;-
Palestine;2046;2046;8;18;2;00;0;n;1;00;0;S
Palestine;2047;2047;6;22;2;00;0;n;0;0;0;-
Palestine;2047;2047;8;3;2;00;0;n;1;00;0;S
Palestine;2048;2048;6;6;2;00;0;n;0;0;0;-
Palestine;2048;2048;7;25;2;00;0;n;1;00;0;S
Palestine;2049;2049;5;29;2;00;0;n;0;0;0;-
Palestine;2049;2049;7;10;2;00;0;n;1;00;0;S
Palestine;2050;2050;5;21;2;00;0;n;0;0;0;-
Palestine;2050;2050;7;2;2;00;0;n;1;00;0;S
Palestine;2051;2051;5;6;2;00;0;n;0;0;0;-
Palestine;2051;2051;6;24;2;00;0;n;1;00;0;S
Palestine;2052;2052;4;27;2;00;0;n;0;0;0;-
Palestine;2052;2052;6;8;2;00;0;n;1;00;0;S
Palestine;2053;2053;4;12;2;00;0;n;0;0;0;-
Palestine;2053;2053;5;31;2;00;0;n;1;00;0;S
Palestine;2054;2054;4;4;2;00;0;n;0;0;0;-
Palestine;2054;2054;5;23;2;00;0;n;1;00;0;S
Palestine;2055;2055;5;8;2;00;0;n;1;00;0;S
Palestine;2056;2056;4;29;2;00;0;n;1;00;0;S
Palestine;2057;2057;4;14;2;00;0;n;1;00;0;S
Palestine;2058;2058;4;6;2;00;0;n;1;00;0;S
Palestine;2059;max;3;Sat<=30;2;00;0;n;1;00;0;S
Palestine;2068;2068;10;20;2;00;0;n;0;0;0;-
Palestine;2069;2069;10;12;2;00;0;n;0;0;0;-
Palestine;2070;2070;10;4;2;00;0;n;0;0;0;-
Palestine;2071;2071;9;19;2;00;0;n;0;0;0;-
Palestine;2072;2072;9;10;2;00;0;n;0;0;0;-
Palestine;2072;2072;10;22;2;00;0;n;1;00;0;S
Palestine;2072;max;10;Sat<=30;2;00;0;n;0;0;0;-
Palestine;2073;2073;9;2;2;00;0;n;0;0;0;-
Palestine;2073;2073;10;14;2;00;0;n;1;00;0;S
Palestine;2074;2074;8;18;2;00;0;n;0;0;0;-
Palestine;2074;2074;10;6;2;00;0;n;1;00;0;S
Palestine;2075;2075;8;10;2;00;0;n;0;0;0;-
Palestine;2075;2075;9;21;2;00;0;n;1;00;0;S
Palestine;2076;2076;7;25;2;00;0;n;0;0;0;-
Palestine;2076;2076;9;12;2;00;0;n;1;00;0;S
Palestine;2077;2077;7;17;2;00;0;n;0;0;0;-
Palestine;2077;2077;9;4;2;00;0;n;1;00;0;S
Palestine;2078;2078;7;9;2;00;0;n;0;0;0;-
Palestine;2078;2078;8;20;2;00;0;n;1;00;0;S
Palestine;2079;2079;6;24;2;00;0;n;0;0;0;-
Palestine;2079;2079;8;12;2;00;0;n;1;00;0;S
Palestine;2080;2080;6;15;2;00;0;n;0;0;0;-
Palestine;2080;2080;7;27;2;00;0;n;1;00;0;S
Palestine;2081;2081;6;7;2;00;0;n;0;0;0;-
Palestine;2081;2081;7;19;2;00;0;n;1;00;0;S
Palestine;2082;2082;5;23;2;00;0;n;0;0;0;-
Palestine;2082;2082;7;11;2;00;0;n;1;00;0;S
Palestine;2083;2083;5;15;2;00;0;n;0;0;0;-
Palestine;2083;2083;6;26;2;00;0;n;1;00;0;S
Palestine;2084;2084;4;29;2;00;0;n;0;0;0;-
Palestine;2084;2084;6;17;2;00;0;n;1;00;0;S
Palestine;2085;2085;4;21;2;00;0;n;0;0;0;-
Palestine;2085;2085;6;9;2;00;0;n;1;00;0;S
Palestine;2086;2086;4;13;2;00;0;n;0;0;0;-
Palestine;2086;2086;5;25;2;00;0;n;1;00;0;S
Phil;1936;1936;10;31;24;00;0;n;1;00;0;D
Phil;1937;1937;1;15;24;00;0;n;0;0;0;S
Phil;1941;1941;12;15;24;00;0;n;1;00;0;D
Phil;1945;1945;11;30;24;00;0;n;0;0;0;S
Phil;1954;1954;4;11;24;00;0;n;1;00;0;D
Phil;1954;1954;6;4;24;00;0;n;0;0;0;S
Phil;1977;1977;3;27;24;00;0;n;1;00;0;D
Phil;1977;1977;9;21;24;00;0;n;0;0;0;S
Phil;1990;1990;5;21;0;00;0;n;1;00;0;D
Phil;1990;1990;7;28;24;00;0;n;0;0;0;S
Syria;1920;1923;4;6>=1;2;00;0;n;1;00;0;S
Syria;1920;1923;10;6>=1;2;00;0;n;0;0;0;-
Syria;1962;1962;4;29;2;00;0;n;1;00;0;S
Syria;1962;1962;10;1;2;00;0;n;0;0;0;-
Syria;1963;1965;5;1;2;00;0;n;1;00;0;S
Syria;1963;1963;9;30;2;00;0;n;0;0;0;-
Syria;1964;1964;10;1;2;00;0;n;0;0;0;-
Syria;1965;1965;9;30;2;00;0;n;0;0;0;-
Syria;1966;1966;4;24;2;00;0;n;1;00;0;S
Syria;1966;1976;10;1;2;00;0;n;0;0;0;-
Syria;1967;1978;5;1;2;00;0;n;1;00;0;S
Syria;1977;1978;9;1;2;00;0;n;0;0;0;-
Syria;1983;1984;4;9;2;00;0;n;1;00;0;S
Syria;1983;1984;10;1;2;00;0;n;0;0;0;-
Syria;1986;1986;2;16;2;00;0;n;1;00;0;S
Syria;1986;1986;10;9;2;00;0;n;0;0;0;-
Syria;1987;1987;3;1;2;00;0;n;1;00;0;S
Syria;1987;1988;10;31;2;00;0;n;0;0;0;-
Syria;1988;1988;3;15;2;00;0;n;1;00;0;S
Syria;1989;1989;3;31;2;00;0;n;1;00;0;S
Syria;1989;1989;10;1;2;00;0;n;0;0;0;-
Syria;1990;1990;4;1;2;00;0;n;1;00;0;S
Syria;1990;1990;9;30;2;00;0;n;0;0;0;-
Syria;1991;1991;4;1;0;00;0;n;1;00;0;S
Syria;1991;1992;10;1;0;00;0;n;0;0;0;-
Syria;1992;1992;4;8;0;00;0;n;1;00;0;S
Syria;1993;1993;3;26;0;00;0;n;1;00;0;S
Syria;1993;1993;9;25;0;00;0;n;0;0;0;-
Syria;1994;1996;4;1;0;00;0;n;1;00;0;S
Syria;1994;2005;10;1;0;00;0;n;0;0;0;-
Syria;1997;1998;3;last0;0;00;0;n;1;00;0;S
Syria;1999;2006;4;1;0;00;0;n;1;00;0;S
Syria;2006;2006;9;22;0;00;0;n;0;0;0;-
Syria;2007;2007;3;last4;0;00;0;n;1;00;0;S
Syria;2007;2007;11;4>=1;0;00;0;n;0;0;0;-
Syria;2008;2008;4;4>=1;0;00;0;n;1;00;0;S
Syria;2008;2008;11;1;0;00;0;n;0;0;0;-
Syria;2009;2009;3;last4;0;00;0;n;1;00;0;S
Syria;2010;2011;4;4>=1;0;00;0;n;1;00;0;S
Syria;2012;2022;3;last4;0;00;0;n;1;00;0;S
Syria;2009;2022;10;last4;0;00;0;n;0;0;0;-
Aus;1917;1917;1;1;2;00;0;n;1;00;0;D
Aus;1917;1917;3;last6;2;00;0;n;0;0;0;S
Aus;1942;1942;1;1;2;00;0;n;1;00;0;D
Aus;1942;1942;3;last6;2;00;0;n;0;0;0;S
Aus;1942;1942;9;27;2;00;0;n;1;00;0;D
Aus;1943;1944;3;last6;2;00;0;n;0;0;0;S
Aus;1943;1943;10;3;2;00;0;n;1;00;0;D
AW;1974;1974;10;last6;2;00;0;n;1;00;0;D
AW;1975;1975;3;6>=1;2;00;0;n;0;0;0;S
AW;1983;1983;10;last6;2;00;0;n;1;00;0;D
AW;1984;1984;3;6>=1;2;00;0;n;0;0;0;S
AW;1991;1991;11;17;2;00;0;n;1;00;0;D
AW;1992;1992;3;6>=1;2;00;0;n;0;0;0;S
AW;2006;2006;12;3;2;00;0;n;1;00;0;D
AW;2007;2009;3;last6;2;00;0;n;0;0;0;S
AW;2007;2008;10;last6;2;00;0;n;1;00;0;D
AQ;1971;1971;10;last6;2;00;0;n;1;00;0;D
AQ;1972;1972;2;last6;2;00;0;n;0;0;0;S
AQ;1989;1991;10;last6;2;00;0;n;1;00;0;D
AQ;1990;1992;3;6>=1;2;00;0;n;0;0;0;S
Holiday;1992;1993;10;last6;2;00;0;n;1;00;0;D
Holiday;1993;1994;3;6>=1;2;00;0;n;0;0;0;S
AS;1971;1985;10;last6;2;00;0;n;1;00;0;D
AS;1986;1986;10;19;2;00;0;n;1;00;0;D
AS;1987;2007;10;last6;2;00;0;n;1;00;0;D
AS;1972;1972;2;27;2;00;0;n;0;0;0;S
AS;1973;1985;3;6>=1;2;00;0;n;0;0;0;S
AS;1986;1990;3;6>=1;2;00;0;n;0;0;0;S
AS;1991;1991;3;3;2;00;0;n;0;0;0;S
AS;1992;1992;3;22;2;00;0;n;0;0;0;S
AS;1993;1993;3;7;2;00;0;n;0;0;0;S
AS;1994;1994;3;20;2;00;0;n;0;0;0;S
AS;1995;2005;3;last6;2;00;0;n;0;0;0;S
AS;2006;2006;4;2;2;00;0;n;0;0;0;S
AS;2007;2007;3;last6;2;00;0;n;0;0;0;S
AS;2008;max;4;6>=1;2;00;0;n;0;0;0;S
AS;2008;max;10;6>=1;2;00;0;n;1;00;0;D
AT;1916;1916;10;6>=1;2;00;0;n;1;00;0;D
AT;1917;1917;3;last6;2;00;0;n;0;0;0;S
AT;1917;1918;10;6>=2;2;00;0;n;1;00;0;D
AT;1918;1919;3;6>=1;2;00;0;n;0;0;0;S
AT;1967;1967;10;6>=1;2;00;0;n;1;00;0;D
AT;1968;1968;3;6>=2;2;00;0;n;0;0;0;S
AT;1968;1985;10;last6;2;00;0;n;1;00;0;D
AT;1969;1971;3;6>=8;2;00;0;n;0;0;0;S
AT;1972;1972;2;last6;2;00;0;n;0;0;0;S
AT;1973;1981;3;6>=1;2;00;0;n;0;0;0;S
AT;1982;1983;3;last6;2;00;0;n;0;0;0;S
AT;1984;1986;3;6>=1;2;00;0;n;0;0;0;S
AT;1986;1986;10;6>=1;2;00;0;n;1;00;0;D
AT;1987;1990;3;6>=1;2;00;0;n;0;0;0;S
AT;1987;1987;10;6>=2;2;00;0;n;1;00;0;D
AT;1988;1990;10;last6;2;00;0;n;1;00;0;D
AT;1991;1999;10;6>=1;2;00;0;n;1;00;0;D
AT;1991;2005;3;last6;2;00;0;n;0;0;0;S
AT;2000;2000;8;last6;2;00;0;n;1;00;0;D
AT;2001;max;10;6>=1;2;00;0;n;1;00;0;D
AT;2006;2006;4;6>=1;2;00;0;n;0;0;0;S
AT;2007;2007;3;last6;2;00;0;n;0;0;0;S
AT;2008;max;4;6>=1;2;00;0;n;0;0;0;S
AV;1971;1985;10;last6;2;00;0;n;1;00;0;D
AV;1972;1972;2;last6;2;00;0;n;0;0;0;S
AV;1973;1985;3;6>=1;2;00;0;n;0;0;0;S
AV;1986;1990;3;6>=1;2;00;0;n;0;0;0;S
AV;1986;1987;10;6>=1;2;00;0;n;1;00;0;D
AV;1988;1999;10;last6;2;00;0;n;1;00;0;D
AV;1991;1994;3;6>=1;2;00;0;n;0;0;0;S
AV;1995;2005;3;last6;2;00;0;n;0;0;0;S
AV;2000;2000;8;last6;2;00;0;n;1;00;0;D
AV;2001;2007;10;last6;2;00;0;n;1;00;0;D
AV;2006;2006;4;6>=1;2;00;0;n;0;0;0;S
AV;2007;2007;3;last6;2;00;0;n;0;0;0;S
AV;2008;max;4;6>=1;2;00;0;n;0;0;0;S
AV;2008;max;10;6>=1;2;00;0;n;1;00;0;D
AN;1971;1985;10;last6;2;00;0;n;1;00;0;D
AN;1972;1972;2;27;2;00;0;n;0;0;0;S
AN;1973;1981;3;6>=1;2;00;0;n;0;0;0;S
AN;1982;1982;4;6>=1;2;00;0;n;0;0;0;S
AN;1983;1985;3;6>=1;2;00;0;n;0;0;0;S
AN;1986;1989;3;6>=1;2;00;0;n;0;0;0;S
AN;1986;1986;10;19;2;00;0;n;1;00;0;D
AN;1987;1999;10;last6;2;00;0;n;1;00;0;D
AN;1990;1995;3;6>=1;2;00;0;n;0;0;0;S
AN;1996;2005;3;last6;2;00;0;n;0;0;0;S
AN;2000;2000;8;last6;2;00;0;n;1;00;0;D
AN;2001;2007;10;last6;2;00;0;n;1;00;0;D
AN;2006;2006;4;6>=1;2;00;0;n;0;0;0;S
AN;2007;2007;3;last6;2;00;0;n;0;0;0;S
AN;2008;max;4;6>=1;2;00;0;n;0;0;0;S
AN;2008;max;10;6>=1;2;00;0;n;1;00;0;D
LH;1981;1984;10;last6;2;00;0;n;1;00;0;-
LH;1982;1985;3;6>=1;2;00;0;n;0;0;0;-
LH;1985;1985;10;last6;2;00;0;n;0;30;0;-
LH;1986;1989;3;6>=1;2;00;0;n;0;0;0;-
LH;1986;1986;10;19;2;00;0;n;0;30;0;-
LH;1987;1999;10;last6;2;00;0;n;0;30;0;-
LH;1990;1995;3;6>=1;2;00;0;n;0;0;0;-
LH;1996;2005;3;last6;2;00;0;n;0;0;0;-
LH;2000;2000;8;last6;2;00;0;n;0;30;0;-
LH;2001;2007;10;last6;2;00;0;n;0;30;0;-
LH;2006;2006;4;6>=1;2;00;0;n;0;0;0;-
LH;2007;2007;3;last6;2;00;0;n;0;0;0;-
LH;2008;max;4;6>=1;2;00;0;n;0;0;0;-
LH;2008;max;10;6>=1;2;00;0;n;0;30;0;-
Fiji;1998;1999;11;6>=1;2;00;0;n;1;00;0;-
Fiji;1999;2000;2;last6;3;00;0;n;0;0;0;-
Fiji;2009;2009;11;29;2;00;0;n;1;00;0;-
Fiji;2010;2010;3;last6;3;00;0;n;0;0;0;-
Fiji;2010;2013;10;6>=2;2;00;0;n;1;00;0;-
Fiji;2011;2011;3;6>=1;3;00;0;n;0;0;0;-
Fiji;2012;2013;1;6>=1;3;00;0;n;0;0;0;-
Fiji;2014;2014;1;6>=1;2;00;0;n;0;0;0;-
Fiji;2014;2018;11;6>=1;2;00;0;n;1;00;0;-
Fiji;2015;2021;1;6>=1;3;00;0;n;0;0;0;-
Fiji;2019;2019;11;6>=8;2;00;0;n;1;00;0;-
Fiji;2020;2020;12;20;2;00;0;n;1;00;0;-
Guam;1959;1959;6;27;2;00;0;n;1;00;0;D
Guam;1961;1961;1;29;2;00;0;n;0;0;0;S
Guam;1967;1967;9;1;2;00;0;n;1;00;0;D
Guam;1969;1969;1;26;0;01;0;n;0;0;0;S
Guam;1969;1969;6;22;2;00;0;n;1;00;0;D
Guam;1969;1969;8;31;2;00;0;n;0;0;0;S
Guam;1970;1971;4;last6;2;00;0;n;1;00;0;D
Guam;1970;1971;9;6>=1;2;00;0;n;0;0;0;S
Guam;1973;1973;12;16;2;00;0;n;1;00;0;D
Guam;1974;1974;2;24;2;00;0;n;0;0;0;S
Guam;1976;1976;5;26;2;00;0;n;1;00;0;D
Guam;1976;1976;8;22;2;01;0;n;0;0;0;S
Guam;1977;1977;4;24;2;00;0;n;1;00;0;D
Guam;1977;1977;8;28;2;00;0;n;0;0;0;S
NC;1977;1978;12;6>=1;0;00;0;n;1;00;0;-
NC;1978;1979;2;27;0;00;0;n;0;0;0;-
NC;1996;1996;12;1;2;00;0;n;1;00;0;-
NC;1997;1997;3;2;2;00;0;n;0;0;0;-
NZ;1927;1927;11;6;2;00;0;n;1;00;0;S
NZ;1928;1928;3;4;2;00;0;n;0;0;0;M
NZ;1928;1933;10;6>=8;2;00;0;n;0;30;0;S
NZ;1929;1933;3;6>=1;2;00;0;n;0;0;0;M
NZ;1934;1940;4;last6;2;00;0;n;0;0;0;M
NZ;1934;1940;9;last6;2;00;0;n;0;30;0;S
NZ;1946;1946;1;1;0;00;0;n;0;0;0;S
NZ;1974;1974;11;6>=1;2;00;0;n;1;00;0;D
Chatham;1974;1974;11;6>=1;2;45;0;n;1;00;0;-
NZ;1975;1975;2;last6;2;00;0;n;0;0;0;S
Chatham;1975;1975;2;last6;2;45;0;n;0;0;0;-
NZ;1975;1988;10;last6;2;00;0;n;1;00;0;D
Chatham;1975;1988;10;last6;2;45;0;n;1;00;0;-
NZ;1976;1989;3;6>=1;2;00;0;n;0;0;0;S
Chatham;1976;1989;3;6>=1;2;45;0;n;0;0;0;-
NZ;1989;1989;10;6>=8;2;00;0;n;1;00;0;D
Chatham;1989;1989;10;6>=8;2;45;0;n;1;00;0;-
NZ;1990;2006;10;6>=1;2;00;0;n;1;00;0;D
Chatham;1990;2006;10;6>=1;2;45;0;n;1;00;0;-
NZ;1990;2007;3;6>=1;2;00;0;n;0;0;0;S
Chatham;1990;2007;3;6>=1;2;45;0;n;0;0;0;-
NZ;2007;max;9;last6;2;00;0;n;1;00;0;D
Chatham;2007;max;9;last6;2;45;0;n;1;00;0;-
NZ;2008;max;4;6>=1;2;00;0;n;0;0;0;S
Chatham;2008;max;4;6>=1;2;45;0;n;0;0;0;-
Cook;1978;1978;11;12;0;00;0;n;0;30;0;-
Cook;1979;1991;3;6>=1;0;00;0;n;0;0;0;-
Cook;1979;1990;10;last6;0;00;0;n;0;30;0;-
WS;2010;2010;9;last6;0;00;0;n;1;0;0;-
WS;2011;2011;4;5>=1;4;00;0;n;0;0;0;-
WS;2011;2011;9;last5;3;00;0;n;1;0;0;-
WS;2012;2021;4;6>=1;4;00;0;n;0;0;0;-
WS;2012;2020;9;last6;3;00;0;n;1;0;0;-
Tonga;1999;1999;10;7;2;00;0;n;1;00;0;-
Tonga;2000;2000;3;19;2;00;0;n;0;0;0;-
Tonga;2000;2001;11;6>=1;2;00;0;n;1;00;0;-
Tonga;2001;2002;1;last6;2;00;0;n;0;0;0;-
Tonga;2016;2016;11;6>=1;2;00;0;n;1;00;0;-
Tonga;2017;2017;1;6>=1;3;00;0;n;0;0;0;-
Vanuatu;1973;1973;12;22;12;00;0;u;1;00;0;-
Vanuatu;1974;1974;3;30;12;00;0;u;0;0;0;-
Vanuatu;1983;1991;9;5>=2;24;00;0;n;1;00;0;-
Vanuatu;1984;1991;3;5>=2;24;00;0;n;0;0;0;-
Vanuatu;1992;1993;1;5>=2;24;00;0;n;0;0;0;-
Vanuatu;1992;1992;10;5>=2;24;00;0;n;1;00;0;-
Ghana;1919;1919;11;24;0;00;0;n;0;20;0;+0020
Ghana;1920;1942;1;1;2;00;0;n;0;0;0;GMT
Ghana;1920;1939;9;1;2;00;0;n;0;20;0;+0020
Ghana;1940;1941;5;1;2;00;0;n;0;20;0;+0020
Ghana;1950;1955;9;1;2;00;0;n;0;30;0;+0030
Ghana;1951;1956;1;1;2;00;0;n;0;0;0;GMT
SL;1932;1932;12;1;0;00;0;n;0;20;0;-0040
SL;1933;1938;3;31;24;00;0;n;0;0;0;-01
SL;1933;1939;8;31;24;00;0;n;0;20;0;-0040
SL;1939;1939;5;31;24;00;0;n;0;0;0;-01
Mont;1917;1917;3;25;2;00;0;n;1;00;0;D
Mont;1917;1917;4;24;0;00;0;n;0;0;0;S
Mont;1919;1919;3;31;2;30;0;n;1;00;0;D
Mont;1919;1919;10;25;2;30;0;n;0;0;0;S
Mont;1920;1920;5;2;2;30;0;n;1;00;0;D
Mont;1920;1922;10;6>=1;2;30;0;n;0;0;0;S
Mont;1921;1921;5;1;2;00;0;n;1;00;0;D
Mont;1922;1922;4;30;2;00;0;n;1;00;0;D
Mont;1924;1924;5;17;2;00;0;n;1;00;0;D
Mont;1924;1926;9;last6;2;30;0;n;0;0;0;S
Mont;1925;1926;5;6>=1;2;00;0;n;1;00;0;D
Mont;1927;1937;4;last5;24;00;0;n;1;00;0;D
Mont;1927;1937;9;last5;24;00;0;n;0;0;0;S
Mont;1938;1940;4;last6;0;00;0;n;1;00;0;D
Mont;1938;1939;9;last6;0;00;0;n;0;0;0;S
Mont;1946;1973;4;last6;2;00;0;n;1;00;0;D
Mont;1945;1948;9;last6;2;00;0;n;0;0;0;S
Mont;1949;1950;10;last6;2;00;0;n;0;0;0;S
Mont;1951;1956;9;last6;2;00;0;n;0;0;0;S
Mont;1957;1973;10;last6;2;00;0;n;0;0;0;S
Bahamas;1942;1942;5;1;24;00;0;n;1;00;0;W
Bahamas;1944;1944;12;31;24;00;0;n;0;0;0;S
Bahamas;1945;1945;2;1;0;00;0;n;1;00;0;W
Bahamas;1945;1945;8;14;23;00;0;u;1;00;0;P
Bahamas;1945;1945;10;17;24;00;0;n;0;0;0;S
Bahamas;1964;1975;10;last6;2;00;0;n;0;0;0;S
Bahamas;1964;1975;4;last6;2;00;0;n;1;00;0;D
Iceland;1917;1919;2;19;23;00;0;n;1;00;0;-
Iceland;1917;1917;10;21;1;00;0;n;0;0;0;-
Iceland;1918;1919;11;16;1;00;0;n;0;0;0;-
Iceland;1921;1921;3;19;23;00;0;n;1;00;0;-
Iceland;1921;1921;6;23;1;00;0;n;0;0;0;-
Iceland;1939;1939;4;29;23;00;0;n;1;00;0;-
Iceland;1939;1939;10;29;2;00;0;n;0;0;0;-
Iceland;1940;1940;2;25;2;00;0;n;1;00;0;-
Iceland;1940;1941;11;6>=2;1;00;0;n;0;0;0;-
Iceland;1941;1942;3;6>=2;1;00;0;n;1;00;0;-
Iceland;1943;1946;3;6>=1;1;00;0;n;1;00;0;-
Iceland;1942;1948;10;6>=2;1;00;0;n;0;0;0;-
Iceland;1947;1967;4;6>=1;1;00;0;n;1;00;0;-
Iceland;1949;1949;10;30;1;00;0;n;0;0;0;-
Iceland;1950;1966;10;6>=2;1;00;0;n;0;0;0;-
Iceland;1967;1967;10;29;1;00;0;n;0;0;0;-
Neth;1916;1916;5;1;0;00;0;n;1;00;0;NST
Neth;1916;1916;10;1;0;00;0;n;0;0;0;AMT
Neth;1917;1917;4;16;2;00;0;n;1;00;0;NST
Neth;1917;1917;9;17;2;00;0;n;0;0;0;AMT
Neth;1918;1921;4;0>=1;2;00;0;n;1;00;0;NST
Neth;1918;1921;9;last0;2;00;0;n;0;0;0;AMT
Neth;1922;1922;3;last6;2;00;0;n;1;00;0;NST
Neth;1922;1936;10;6>=2;2;00;0;n;0;0;0;AMT
Neth;1923;1923;6;4>=1;2;00;0;n;1;00;0;NST
Neth;1924;1924;3;last6;2;00;0;n;1;00;0;NST
Neth;1925;1925;6;4>=1;2;00;0;n;1;00;0;NST
Neth;1926;1931;5;15;2;00;0;n;1;00;0;NST
Neth;1932;1932;5;22;2;00;0;n;1;00;0;NST
Neth;1933;1936;5;15;2;00;0;n;1;00;0;NST
Neth;1937;1937;5;22;2;00;0;n;1;00;0;NST
Neth;1937;1937;7;1;0;00;0;n;1;00;0;S
Neth;1937;1939;10;6>=2;2;00;0;n;0;0;0;-
Neth;1938;1939;5;15;2;00;0;n;1;00;0;S
Neth;1945;1945;4;2;2;00;0;n;1;00;0;S
Neth;1945;1945;9;16;2;00;0;n;0;0;0;-
Denmark;1916;1916;5;14;23;00;0;n;1;00;0;S
Denmark;1916;1916;9;30;23;00;0;n;0;0;0;-
Denmark;1940;1940;5;15;0;00;0;n;1;00;0;S
Denmark;1945;1945;4;2;2;00;0;n;1;00;0;S
Denmark;1945;1945;8;15;2;00;0;n;0;0;0;-
Denmark;1946;1946;5;1;2;00;0;n;1;00;0;S
Denmark;1946;1946;9;1;2;00;0;n;0;0;0;-
Denmark;1947;1947;5;4;2;00;0;n;1;00;0;S
Denmark;1947;1947;8;10;2;00;0;n;0;0;0;-
Denmark;1948;1948;5;9;2;00;0;n;1;00;0;S
Denmark;1948;1948;8;8;2;00;0;n;0;0;0;-
Lux;1916;1916;5;14;23;00;0;n;1;00;0;S
Lux;1916;1916;10;1;1;00;0;n;0;0;0;-
Lux;1917;1917;4;28;23;00;0;n;1;00;0;S
Lux;1917;1917;9;17;1;00;0;n;0;0;0;-
Lux;1918;1918;4;0>=1;2;00;0;n;1;00;0;S
Lux;1918;1918;9;0>=1;2;00;0;n;0;0;0;-
Lux;1919;1919;3;1;23;00;0;n;1;00;0;S
Lux;1919;1919;10;5;3;00;0;n;0;0;0;-
Lux;1920;1920;2;14;23;00;0;n;1;00;0;S
Lux;1920;1920;10;24;2;00;0;n;0;0;0;-
Lux;1921;1921;3;14;23;00;0;n;1;00;0;S
Lux;1921;1921;10;26;2;00;0;n;0;0;0;-
Lux;1922;1922;3;25;23;00;0;n;1;00;0;S
Lux;1922;1922;10;6>=2;1;00;0;n;0;0;0;-
Lux;1923;1923;4;21;23;00;0;n;1;00;0;S
Lux;1923;1923;10;6>=2;2;00;0;n;0;0;0;-
Lux;1924;1924;3;29;23;00;0;n;1;00;0;S
Lux;1924;1928;10;6>=2;1;00;0;n;0;0;0;-
Lux;1925;1925;4;5;23;00;0;n;1;00;0;S
Lux;1926;1926;4;17;23;00;0;n;1;00;0;S
Lux;1927;1927;4;9;23;00;0;n;1;00;0;S
Lux;1928;1928;4;14;23;00;0;n;1;00;0;S
Lux;1929;1929;4;20;23;00;0;n;1;00;0;S
Norway;1916;1916;5;22;1;00;0;n;1;00;0;S
Norway;1916;1916;9;30;0;00;0;n;0;0;0;-
Norway;1945;1945;4;2;2;00;0;n;1;00;0;S
Norway;1945;1945;10;1;2;00;0;n;0;0;0;-
Norway;1959;1964;3;6>=1;2;00;0;n;1;00;0;S
Norway;1959;1965;9;6>=1;2;00;0;n;0;0;0;-
Norway;1965;1965;4;25;2;00;0;n;1;00;0;S
GB-Eire;1916;1916;5;21;2;00;0;n;1;00;0;BST
GB-Eire;1916;1916;10;1;2;00;0;n;0;0;0;GMT
GB-Eire;1917;1917;4;8;2;00;0;n;1;00;0;BST
GB-Eire;1917;1917;9;17;2;00;0;n;0;0;0;GMT
GB-Eire;1918;1918;3;24;2;00;0;n;1;00;0;BST
GB-Eire;1918;1918;9;30;2;00;0;n;0;0;0;GMT
GB-Eire;1919;1919;3;30;2;00;0;n;1;00;0;BST
GB-Eire;1919;1919;9;29;2;00;0;n;0;0;0;GMT
GB-Eire;1920;1920;3;28;2;00;0;n;1;00;0;BST
GB-Eire;1920;1920;10;25;2;00;0;n;0;0;0;GMT
GB-Eire;1921;1921;4;3;2;00;0;n;1;00;0;BST
GB-Eire;1921;1921;10;3;2;00;0;n;0;0;0;GMT
GB-Eire;1922;1922;3;26;2;00;0;n;1;00;0;BST
GB-Eire;1922;1922;10;8;2;00;0;n;0;0;0;GMT
GB-Eire;1923;1923;4;6>=1;2;00;0;n;1;00;0;BST
GB-Eire;1923;1924;9;6>=1;2;00;0;n;0;0;0;GMT
GB-Eire;1924;1924;4;6>=9;2;00;0;n;1;00;0;BST
GB-Eire;1925;1926;4;6>=1;2;00;0;n;1;00;0;BST
GB-Eire;1925;1938;10;6>=2;2;00;0;n;0;0;0;GMT
GB-Eire;1927;1927;4;6>=9;2;00;0;n;1;00;0;BST
GB-Eire;1928;1929;4;6>=1;2;00;0;n;1;00;0;BST
GB-Eire;1930;1930;4;6>=9;2;00;0;n;1;00;0;BST
GB-Eire;1931;1932;4;6>=1;2;00;0;n;1;00;0;BST
GB-Eire;1933;1933;4;6>=9;2;00;0;n;1;00;0;BST
GB-Eire;1934;1934;4;6>=1;2;00;0;n;1;00;0;BST
GB-Eire;1935;1935;4;6>=9;2;00;0;n;1;00;0;BST
GB-Eire;1936;1937;4;6>=1;2;00;0;n;1;00;0;BST
GB-Eire;1938;1938;4;6>=9;2;00;0;n;1;00;0;BST
GB-Eire;1939;1939;4;6>=1;2;00;0;n;1;00;0;BST
GB-Eire;1939;1939;11;6>=1;2;00;0;n;0;0;0;GMT
GB-Eire;1940;1940;2;6>=2;2;00;0;n;1;00;0;BST
GB-Eire;1941;1941;5;6>=2;1;00;0;n;2;00;0;BDST
GB-Eire;1941;1943;8;6>=9;1;00;0;n;1;00;0;BST
GB-Eire;1942;1944;4;6>=2;1;00;0;n;2;00;0;BDST
GB-Eire;1944;1944;9;6>=1;1;00;0;n;1;00;0;BST
GB-Eire;1945;1945;4;0>=2;1;00;0;n;2;00;0;BDST
GB-Eire;1945;1945;7;6>=9;1;00;0;n;1;00;0;BST
GB-Eire;1945;1946;10;6>=2;2;00;0;n;0;0;0;GMT
GB-Eire;1946;1946;4;6>=9;2;00;0;n;1;00;0;BST
GB-Eire;1947;1947;3;16;2;00;0;n;1;00;0;BST
GB-Eire;1947;1947;4;13;1;00;0;n;2;00;0;BDST
GB-Eire;1947;1947;8;10;1;00;0;n;1;00;0;BST
GB-Eire;1947;1947;11;2;2;00;0;n;0;0;0;GMT
GB-Eire;1948;1948;3;14;2;00;0;n;1;00;0;BST
GB-Eire;1948;1948;10;31;2;00;0;n;0;0;0;GMT
GB-Eire;1949;1949;4;3;2;00;0;n;1;00;0;BST
GB-Eire;1949;1949;10;30;2;00;0;n;0;0;0;GMT
GB-Eire;1950;1952;4;6>=1;2;00;0;n;1;00;0;BST
GB-Eire;1950;1952;10;6>=2;2;00;0;n;0;0;0;GMT
GB-Eire;1953;1953;4;6>=1;2;00;0;n;1;00;0;BST
GB-Eire;1953;1960;10;6>=2;2;00;0;n;0;0;0;GMT
GB-Eire;1954;1954;4;6>=9;2;00;0;n;1;00;0;BST
GB-Eire;1955;1956;4;6>=1;2;00;0;n;1;00;0;BST
GB-Eire;1957;1957;4;6>=9;2;00;0;n;1;00;0;BST
GB-Eire;1958;1959;4;6>=1;2;00;0;n;1;00;0;BST
GB-Eire;1960;1960;4;6>=9;2;00;0;n;1;00;0;BST
GB-Eire;1961;1963;3;last6;2;00;0;n;1;00;0;BST
GB-Eire;1961;1968;10;6>=2;2;00;0;n;0;0;0;GMT
GB-Eire;1964;1967;3;6>=1;2;00;0;n;1;00;0;BST
GB-Eire;1968;1968;2;18;2;00;0;n;1;00;0;BST
GB-Eire;1972;1980;3;6>=1;2;00;0;n;1;00;0;BST
GB-Eire;1972;1980;10;6>=2;2;00;0;n;0;0;0;GMT
GB-Eire;1981;1995;3;last6;1;00;0;u;1;00;0;BST
GB-Eire;1981;1989;10;6>=2;1;00;0;u;0;0;0;GMT
GB-Eire;1990;1995;10;6>=2;1;00;0;u;0;0;0;GMT
Eire;1971;1971;10;31;2;00;0;u;-1;00;0;-
Eire;1972;1980;3;6>=1;2;00;0;u;0;0;0;-
Eire;1972;1980;10;6>=2;2;00;0;u;-1;00;0;-
Eire;1981;max;3;last6;1;00;0;u;0;0;0;-
Eire;1981;1989;10;6>=2;1;00;0;u;-1;00;0;-
Eire;1990;1995;10;6>=2;1;00;0;u;-1;00;0;-
Eire;1996;max;10;last6;1;00;0;u;-1;00;0;-
EU;1977;1980;4;6>=1;1;00;0;u;1;00;0;S
EU;1977;1977;9;last6;1;00;0;u;0;0;0;-
EU;1978;1978;10;1;1;00;0;u;0;0;0;-
EU;1979;1995;9;last6;1;00;0;u;0;0;0;-
EU;1981;max;3;last6;1;00;0;u;1;00;0;S
EU;1996;max;10;last6;1;00;0;u;0;0;0;-
W-Eur;1977;1980;4;6>=1;1;00;0;n;1;00;0;S
W-Eur;1977;1977;9;last6;1;00;0;n;0;0;0;-
W-Eur;1978;1978;10;1;1;00;0;n;0;0;0;-
W-Eur;1979;1995;9;last6;1;00;0;n;0;0;0;-
W-Eur;1981;max;3;last6;1;00;0;n;1;00;0;S
W-Eur;1996;max;10;last6;1;00;0;n;0;0;0;-
C-Eur;1916;1916;4;30;23;00;0;n;1;00;0;S
C-Eur;1916;1916;10;1;1;00;0;n;0;0;0;-
C-Eur;1917;1918;4;0>=1;2;00;0;n;1;00;0;S
C-Eur;1917;1918;9;0>=1;2;00;0;n;0;0;0;-
C-Eur;1940;1940;4;1;2;00;0;n;1;00;0;S
C-Eur;1942;1942;11;2;2;00;0;n;0;0;0;-
C-Eur;1943;1943;3;29;2;00;0;n;1;00;0;S
C-Eur;1943;1943;10;4;2;00;0;n;0;0;0;-
C-Eur;1944;1945;4;0>=1;2;00;0;n;1;00;0;S
C-Eur;1944;1944;10;2;2;00;0;n;0;0;0;-
C-Eur;1945;1945;9;16;2;00;0;n;0;0;0;-
C-Eur;1977;1980;4;6>=1;2;00;0;n;1;00;0;S
C-Eur;1977;1977;9;last6;2;00;0;n;0;0;0;-
C-Eur;1978;1978;10;1;2;00;0;n;0;0;0;-
C-Eur;1979;1995;9;last6;2;00;0;n;0;0;0;-
C-Eur;1981;max;3;last6;2;00;0;n;1;00;0;S
C-Eur;1996;max;10;last6;2;00;0;n;0;0;0;-
E-Eur;1977;1980;4;6>=1;0;00;0;n;1;00;0;S
E-Eur;1977;1977;9;last6;0;00;0;n;0;0;0;-
E-Eur;1978;1978;10;1;0;00;0;n;0;0;0;-
E-Eur;1979;1995;9;last6;0;00;0;n;0;0;0;-
E-Eur;1981;max;3;last6;0;00;0;n;1;00;0;S
E-Eur;1996;max;10;last6;0;00;0;n;0;0;0;-
Russia;1917;1917;7;1;23;00;0;n;1;00;0;MST
Russia;1917;1917;12;28;0;00;0;n;0;0;0;MMT
Russia;1918;1918;5;31;22;00;0;n;2;00;0;MDST
Russia;1918;1918;9;16;1;00;0;n;1;00;0;MST
Russia;1919;1919;5;31;23;00;0;n;2;00;0;MDST
Russia;1919;1919;7;1;0;00;0;u;1;00;0;MSD
Russia;1919;1919;8;16;0;00;0;n;0;0;0;MSK
Russia;1921;1921;2;14;23;00;0;n;1;00;0;MSD
Russia;1921;1921;3;20;23;00;0;n;2;00;0;+05
Russia;1921;1921;9;1;0;00;0;n;1;00;0;MSD
Russia;1921;1921;10;1;0;00;0;n;0;0;0;-
Russia;1981;1984;4;1;0;00;0;n;1;00;0;S
Russia;1981;1983;10;1;0;00;0;n;0;0;0;-
Russia;1984;1995;9;last6;2;00;0;n;0;0;0;-
Russia;1985;2010;3;last6;2;00;0;n;1;00;0;S
Russia;1996;2010;10;last6;2;00;0;n;0;0;0;-
Albania;1940;1940;6;16;0;00;0;n;1;00;0;S
Albania;1942;1942;11;2;3;00;0;n;0;0;0;-
Albania;1943;1943;3;29;2;00;0;n;1;00;0;S
Albania;1943;1943;4;10;3;00;0;n;0;0;0;-
Albania;1974;1974;5;4;0;00;0;n;1;00;0;S
Albania;1974;1974;10;2;0;00;0;n;0;0;0;-
Albania;1975;1975;5;1;0;00;0;n;1;00;0;S
Albania;1975;1975;10;2;0;00;0;n;0;0;0;-
Albania;1976;1976;5;2;0;00;0;n;1;00;0;S
Albania;1976;1976;10;3;0;00;0;n;0;0;0;-
Albania;1977;1977;5;8;0;00;0;n;1;00;0;S
Albania;1977;1977;10;2;0;00;0;n;0;0;0;-
Albania;1978;1978;5;6;0;00;0;n;1;00;0;S
Albania;1978;1978;10;1;0;00;0;n;0;0;0;-
Albania;1979;1979;5;5;0;00;0;n;1;00;0;S
Albania;1979;1979;9;30;0;00;0;n;0;0;0;-
Albania;1980;1980;5;3;0;00;0;n;1;00;0;S
Albania;1980;1980;10;4;0;00;0;n;0;0;0;-
Albania;1981;1981;4;26;0;00;0;n;1;00;0;S
Albania;1981;1981;9;27;0;00;0;n;0;0;0;-
Albania;1982;1982;5;2;0;00;0;n;1;00;0;S
Albania;1982;1982;10;3;0;00;0;n;0;0;0;-
Albania;1983;1983;4;18;0;00;0;n;1;00;0;S
Albania;1983;1983;10;1;0;00;0;n;0;0;0;-
Albania;1984;1984;4;1;0;00;0;n;1;00;0;S
Austria;1920;1920;4;5;2;00;0;n;1;00;0;S
Austria;1920;1920;9;13;2;00;0;n;0;0;0;-
Austria;1946;1946;4;14;2;00;0;n;1;00;0;S
Austria;1946;1946;10;7;2;00;0;n;0;0;0;-
Austria;1947;1948;10;6>=1;2;00;0;n;0;0;0;-
Austria;1947;1947;4;6;2;00;0;n;1;00;0;S
Austria;1948;1948;4;18;2;00;0;n;1;00;0;S
Austria;1980;1980;4;6;0;00;0;n;1;00;0;S
Austria;1980;1980;9;28;0;00;0;n;0;0;0;-
Belgium;1918;1918;3;9;0;00;0;n;1;00;0;S
Belgium;1918;1919;10;5>=1;23;00;0;n;0;0;0;-
Belgium;1919;1919;3;1;23;00;0;n;1;00;0;S
Belgium;1920;1920;2;14;23;00;0;n;1;00;0;S
Belgium;1920;1920;10;23;23;00;0;n;0;0;0;-
Belgium;1921;1921;3;14;23;00;0;n;1;00;0;S
Belgium;1921;1921;10;25;23;00;0;n;0;0;0;-
Belgium;1922;1922;3;25;23;00;0;n;1;00;0;S
Belgium;1922;1927;10;5>=1;23;00;0;n;0;0;0;-
Belgium;1923;1923;4;21;23;00;0;n;1;00;0;S
Belgium;1924;1924;3;29;23;00;0;n;1;00;0;S
Belgium;1925;1925;4;4;23;00;0;n;1;00;0;S
Belgium;1926;1926;4;17;23;00;0;n;1;00;0;S
Belgium;1927;1927;4;9;23;00;0;n;1;00;0;S
Belgium;1928;1928;4;14;23;00;0;n;1;00;0;S
Belgium;1928;1938;10;6>=2;2;00;0;n;0;0;0;-
Belgium;1929;1929;4;21;2;00;0;n;1;00;0;S
Belgium;1930;1930;4;13;2;00;0;n;1;00;0;S
Belgium;1931;1931;4;19;2;00;0;n;1;00;0;S
Belgium;1932;1932;4;3;2;00;0;n;1;00;0;S
Belgium;1933;1933;3;26;2;00;0;n;1;00;0;S
Belgium;1934;1934;4;8;2;00;0;n;1;00;0;S
Belgium;1935;1935;3;31;2;00;0;n;1;00;0;S
Belgium;1936;1936;4;19;2;00;0;n;1;00;0;S
Belgium;1937;1937;4;4;2;00;0;n;1;00;0;S
Belgium;1938;1938;3;27;2;00;0;n;1;00;0;S
Belgium;1939;1939;4;16;2;00;0;n;1;00;0;S
Belgium;1939;1939;11;19;2;00;0;n;0;0;0;-
Belgium;1940;1940;2;25;2;00;0;n;1;00;0;S
Belgium;1944;1944;9;17;2;00;0;n;0;0;0;-
Belgium;1945;1945;4;2;2;00;0;n;1;00;0;S
Belgium;1945;1945;9;16;2;00;0;n;0;0;0;-
Belgium;1946;1946;5;19;2;00;0;n;1;00;0;S
Belgium;1946;1946;10;7;2;00;0;n;0;0;0;-
Bulg;1979;1979;3;31;23;00;0;n;1;00;0;S
Bulg;1979;1979;10;1;1;00;0;n;0;0;0;-
Bulg;1980;1982;4;5>=1;23;00;0;n;1;00;0;S
Bulg;1980;1980;9;29;1;00;0;n;0;0;0;-
Bulg;1981;1981;9;27;2;00;0;n;0;0;0;-
Czech;1945;1945;4;0>=1;2;00;0;n;1;00;0;S
Czech;1945;1945;10;1;2;00;0;n;0;0;0;-
Czech;1946;1946;5;6;2;00;0;n;1;00;0;S
Czech;1946;1949;10;6>=1;2;00;0;n;0;0;0;-
Czech;1947;1948;4;6>=1;2;00;0;n;1;00;0;S
Czech;1949;1949;4;9;2;00;0;n;1;00;0;S
Thule;1991;1992;3;last6;2;00;0;n;1;00;0;D
Thule;1991;1992;9;last6;2;00;0;n;0;0;0;S
Thule;1993;2006;4;6>=1;2;00;0;n;1;00;0;D
Thule;1993;2006;10;last6;2;00;0;n;0;0;0;S
Thule;2007;max;3;6>=8;2;00;0;n;1;00;0;D
Thule;2007;max;11;6>=1;2;00;0;n;0;0;0;S
Finland;1942;1942;4;2;24;00;0;n;1;00;0;S
Finland;1942;1942;10;4;1;00;0;n;0;0;0;-
Finland;1981;1982;3;last6;2;00;0;n;1;00;0;S
Finland;1981;1982;9;last6;3;00;0;n;0;0;0;-
France;1916;1916;6;14;23;00;0;n;1;00;0;S
France;1916;1919;10;6>=1;23;00;0;n;0;0;0;-
France;1917;1917;3;24;23;00;0;n;1;00;0;S
France;1918;1918;3;9;23;00;0;n;1;00;0;S
France;1919;1919;3;1;23;00;0;n;1;00;0;S
France;1920;1920;2;14;23;00;0;n;1;00;0;S
France;1920;1920;10;23;23;00;0;n;0;0;0;-
France;1921;1921;3;14;23;00;0;n;1;00;0;S
France;1921;1921;10;25;23;00;0;n;0;0;0;-
France;1922;1922;3;25;23;00;0;n;1;00;0;S
France;1922;1938;10;5>=1;23;00;0;n;0;0;0;-
France;1923;1923;5;26;23;00;0;n;1;00;0;S
France;1924;1924;3;29;23;00;0;n;1;00;0;S
France;1925;1925;4;4;23;00;0;n;1;00;0;S
France;1926;1926;4;17;23;00;0;n;1;00;0;S
France;1927;1927;4;9;23;00;0;n;1;00;0;S
France;1928;1928;4;14;23;00;0;n;1;00;0;S
France;1929;1929;4;20;23;00;0;n;1;00;0;S
France;1930;1930;4;12;23;00;0;n;1;00;0;S
France;1931;1931;4;18;23;00;0;n;1;00;0;S
France;1932;1932;4;2;23;00;0;n;1;00;0;S
France;1933;1933;3;25;23;00;0;n;1;00;0;S
France;1934;1934;4;7;23;00;0;n;1;00;0;S
France;1935;1935;3;30;23;00;0;n;1;00;0;S
France;1936;1936;4;18;23;00;0;n;1;00;0;S
France;1937;1937;4;3;23;00;0;n;1;00;0;S
France;1938;1938;3;26;23;00;0;n;1;00;0;S
France;1939;1939;4;15;23;00;0;n;1;00;0;S
France;1939;1939;11;18;23;00;0;n;0;0;0;-
France;1940;1940;2;25;2;00;0;n;1;00;0;S
France;1941;1941;5;5;0;00;0;n;2;00;0;M
France;1941;1941;10;6;0;00;0;n;1;00;0;S
France;1942;1942;3;9;0;00;0;n;2;00;0;M
France;1942;1942;11;2;3;00;0;n;1;00;0;S
France;1943;1943;3;29;2;00;0;n;2;00;0;M
France;1943;1943;10;4;3;00;0;n;1;00;0;S
France;1944;1944;4;3;2;00;0;n;2;00;0;M
France;1944;1944;10;8;1;00;0;n;1;00;0;S
France;1945;1945;4;2;2;00;0;n;2;00;0;M
France;1945;1945;9;16;3;00;0;n;0;0;0;-
France;1976;1976;3;28;1;00;0;n;1;00;0;S
France;1976;1976;9;26;1;00;0;n;0;0;0;-
Germany;1946;1946;4;14;2;00;0;n;1;00;0;S
Germany;1946;1946;10;7;2;00;0;n;0;0;0;-
Germany;1947;1949;10;6>=1;2;00;0;n;0;0;0;-
Germany;1947;1947;4;6;3;00;0;n;1;00;0;S
Germany;1947;1947;5;11;2;00;0;n;2;00;0;M
Germany;1947;1947;6;29;3;00;0;n;1;00;0;S
Germany;1948;1948;4;18;2;00;0;n;1;00;0;S
Germany;1949;1949;4;10;2;00;0;n;1;00;0;S
SovietZone;1945;1945;5;24;2;00;0;n;2;00;0;M
SovietZone;1945;1945;9;24;3;00;0;n;1;00;0;S
SovietZone;1945;1945;11;18;2;00;0;n;0;0;0;-
Greece;1932;1932;7;7;0;00;0;n;1;00;0;S
Greece;1932;1932;9;1;0;00;0;n;0;0;0;-
Greece;1941;1941;4;7;0;00;0;n;1;00;0;S
Greece;1942;1942;11;2;3;00;0;n;0;0;0;-
Greece;1943;1943;3;30;0;00;0;n;1;00;0;S
Greece;1943;1943;10;4;0;00;0;n;0;0;0;-
Greece;1952;1952;7;1;0;00;0;n;1;00;0;S
Greece;1952;1952;11;2;0;00;0;n;0;0;0;-
Greece;1975;1975;4;12;0;00;0;n;1;00;0;S
Greece;1975;1975;11;26;0;00;0;n;0;0;0;-
Greece;1976;1976;4;11;2;00;0;n;1;00;0;S
Greece;1976;1976;10;10;2;00;0;n;0;0;0;-
Greece;1977;1978;4;6>=1;2;00;0;n;1;00;0;S
Greece;1977;1977;9;26;2;00;0;n;0;0;0;-
Greece;1978;1978;9;24;4;00;0;n;0;0;0;-
Greece;1979;1979;4;1;9;00;0;n;1;00;0;S
Greece;1979;1979;9;29;2;00;0;n;0;0;0;-
Greece;1980;1980;4;1;0;00;0;n;1;00;0;S
Greece;1980;1980;9;28;0;00;0;n;0;0;0;-
Hungary;1918;1919;4;15;2;00;0;n;1;00;0;S
Hungary;1918;1920;9;0>=1;3;00;0;n;0;0;0;-
Hungary;1920;1920;4;5;2;00;0;n;1;00;0;S
Hungary;1945;1945;5;1;23;00;0;n;1;00;0;S
Hungary;1945;1945;11;1;1;00;0;n;0;0;0;-
Hungary;1946;1946;3;31;2;00;0;n;1;00;0;S
Hungary;1946;1946;10;7;2;00;0;n;0;0;0;-
Hungary;1947;1949;4;6>=4;2;00;0;n;1;00;0;S
Hungary;1947;1949;10;6>=1;2;00;0;n;0;0;0;-
Hungary;1954;1954;5;23;0;00;0;n;1;00;0;S
Hungary;1954;1954;10;3;0;00;0;n;0;0;0;-
Hungary;1955;1955;5;22;2;00;0;n;1;00;0;S
Hungary;1955;1955;10;2;3;00;0;n;0;0;0;-
Hungary;1956;1957;6;6>=1;2;00;0;n;1;00;0;S
Hungary;1956;1957;9;last6;3;00;0;n;0;0;0;-
Hungary;1980;1980;4;6;0;00;0;n;1;00;0;S
Hungary;1980;1980;9;28;1;00;0;n;0;0;0;-
Hungary;1981;1983;3;last6;0;00;0;n;1;00;0;S
Hungary;1981;1983;9;last6;1;00;0;n;0;0;0;-
Italy;1916;1916;6;3;24;00;0;n;1;00;0;S
Italy;1916;1917;9;30;24;00;0;n;0;0;0;-
Italy;1917;1917;3;31;24;00;0;n;1;00;0;S
Italy;1918;1918;3;9;24;00;0;n;1;00;0;S
Italy;1918;1918;10;6;24;00;0;n;0;0;0;-
Italy;1919;1919;3;1;24;00;0;n;1;00;0;S
Italy;1919;1919;10;4;24;00;0;n;0;0;0;-
Italy;1920;1920;3;20;24;00;0;n;1;00;0;S
Italy;1920;1920;9;18;24;00;0;n;0;0;0;-
Italy;1940;1940;6;14;24;00;0;n;1;00;0;S
Italy;1942;1942;11;2;2;00;0;n;0;0;0;-
Italy;1943;1943;3;29;2;00;0;n;1;00;0;S
Italy;1943;1943;10;4;2;00;0;n;0;0;0;-
Italy;1944;1944;4;2;2;00;0;n;1;00;0;S
Italy;1944;1944;9;17;2;00;0;n;0;0;0;-
Italy;1945;1945;4;2;2;00;0;n;1;00;0;S
Italy;1945;1945;9;15;1;00;0;n;0;0;0;-
Italy;1946;1946;3;17;2;00;0;n;1;00;0;S
Italy;1946;1946;10;6;2;00;0;n;0;0;0;-
Italy;1947;1947;3;16;0;00;0;n;1;00;0;S
Italy;1947;1947;10;5;0;00;0;n;0;0;0;-
Italy;1948;1948;2;29;2;00;0;n;1;00;0;S
Italy;1948;1948;10;3;2;00;0;n;0;0;0;-
Italy;1966;1968;5;6>=2;0;00;0;n;1;00;0;S
Italy;1966;1966;9;24;24;00;0;n;0;0;0;-
Italy;1967;1969;9;6>=2;0;00;0;n;0;0;0;-
Italy;1969;1969;6;1;0;00;0;n;1;00;0;S
Italy;1970;1970;5;31;0;00;0;n;1;00;0;S
Italy;1970;1970;9;last6;0;00;0;n;0;0;0;-
Italy;1971;1972;5;6>=2;0;00;0;n;1;00;0;S
Italy;1971;1971;9;last6;0;00;0;n;0;0;0;-
Italy;1972;1972;10;1;0;00;0;n;0;0;0;-
Italy;1973;1973;6;3;0;00;0;n;1;00;0;S
Italy;1973;1974;9;last6;0;00;0;n;0;0;0;-
Italy;1974;1974;5;26;0;00;0;n;1;00;0;S
Italy;1975;1975;6;1;0;00;0;n;1;00;0;S
Italy;1975;1977;9;last6;0;00;0;n;0;0;0;-
Italy;1976;1976;5;30;0;00;0;n;1;00;0;S
Italy;1977;1979;5;6>=2;0;00;0;n;1;00;0;S
Italy;1978;1978;10;1;0;00;0;n;0;0;0;-
Italy;1979;1979;9;30;0;00;0;n;0;0;0;-
Latvia;1989;1996;3;last6;2;00;0;n;1;00;0;S
Latvia;1989;1996;9;last6;2;00;0;n;0;0;0;-
Malta;1973;1973;3;31;0;00;0;n;1;00;0;S
Malta;1973;1973;9;29;0;00;0;n;0;0;0;-
Malta;1974;1974;4;21;0;00;0;n;1;00;0;S
Malta;1974;1974;9;16;0;00;0;n;0;0;0;-
Malta;1975;1979;4;6>=1;2;00;0;n;1;00;0;S
Malta;1975;1980;9;6>=1;2;00;0;n;0;0;0;-
Malta;1980;1980;3;31;2;00;0;n;1;00;0;S
Moldova;1997;max;3;last6;2;00;0;n;1;00;0;S
Moldova;1997;max;10;last6;3;00;0;n;0;0;0;-
Poland;1918;1919;9;16;2;00;0;n;0;0;0;-
Poland;1919;1919;4;15;2;00;0;n;1;00;0;S
Poland;1944;1944;4;3;2;00;0;n;1;00;0;S
Poland;1944;1944;10;4;2;00;0;n;0;0;0;-
Poland;1945;1945;4;29;0;00;0;n;1;00;0;S
Poland;1945;1945;11;1;0;00;0;n;0;0;0;-
Poland;1946;1946;4;14;0;00;0;n;1;00;0;S
Poland;1946;1946;10;7;2;00;0;n;0;0;0;-
Poland;1947;1947;5;4;2;00;0;n;1;00;0;S
Poland;1947;1949;10;6>=1;2;00;0;n;0;0;0;-
Poland;1948;1948;4;18;2;00;0;n;1;00;0;S
Poland;1949;1949;4;10;2;00;0;n;1;00;0;S
Poland;1957;1957;6;2;1;00;0;n;1;00;0;S
Poland;1957;1958;9;last6;1;00;0;n;0;0;0;-
Poland;1958;1958;3;30;1;00;0;n;1;00;0;S
Poland;1959;1959;5;31;1;00;0;n;1;00;0;S
Poland;1959;1961;10;6>=1;1;00;0;n;0;0;0;-
Poland;1960;1960;4;3;1;00;0;n;1;00;0;S
Poland;1961;1964;5;last6;1;00;0;n;1;00;0;S
Poland;1962;1964;9;last6;1;00;0;n;0;0;0;-
Port;1916;1916;6;17;23;00;0;n;1;00;0;S
Port;1916;1916;11;1;1;00;0;n;0;0;0;-
Port;1917;1921;3;1;0;00;0;n;1;00;0;S
Port;1917;1921;10;14;24;00;0;n;0;0;0;-
Port;1924;1924;4;16;23;00;0;n;1;00;0;S
Port;1924;1924;10;4;23;00;0;n;0;0;0;-
Port;1926;1926;4;17;23;00;0;n;1;00;0;S
Port;1926;1929;10;5>=1;23;00;0;n;0;0;0;-
Port;1927;1927;4;9;23;00;0;n;1;00;0;S
Port;1928;1928;4;14;23;00;0;n;1;00;0;S
Port;1929;1929;4;20;23;00;0;n;1;00;0;S
Port;1931;1931;4;18;23;00;0;n;1;00;0;S
Port;1931;1932;10;5>=1;23;00;0;n;0;0;0;-
Port;1932;1932;4;2;23;00;0;n;1;00;0;S
Port;1934;1934;4;7;23;00;0;n;1;00;0;S
Port;1934;1938;10;5>=1;23;00;0;n;0;0;0;-
Port;1935;1935;3;30;23;00;0;n;1;00;0;S
Port;1936;1936;4;18;23;00;0;n;1;00;0;S
Port;1937;1937;4;3;23;00;0;n;1;00;0;S
Port;1938;1938;3;26;23;00;0;n;1;00;0;S
Port;1939;1939;4;15;23;00;0;n;1;00;0;S
Port;1939;1939;11;18;23;00;0;n;0;0;0;-
Port;1940;1940;2;24;23;00;0;n;1;00;0;S
Port;1940;1940;10;7;23;00;0;n;0;0;0;-
Port;1941;1941;4;5;23;00;0;n;1;00;0;S
Port;1941;1941;10;5;23;00;0;n;0;0;0;-
Port;1942;1945;3;5>=8;23;00;0;n;1;00;0;S
Port;1942;1942;4;25;22;00;0;n;2;00;0;M
Port;1942;1942;8;15;22;00;0;n;1;00;0;S
Port;1942;1945;10;5>=2;23;00;0;n;0;0;0;-
Port;1943;1943;4;17;22;00;0;n;2;00;0;M
Port;1943;1945;8;5>=2;22;00;0;n;1;00;0;S
Port;1944;1945;4;5>=2;22;00;0;n;2;00;0;M
Port;1946;1946;4;5>=1;23;00;0;n;1;00;0;S
Port;1946;1946;10;5>=1;23;00;0;n;0;0;0;-
Port;1947;1966;4;6>=1;2;00;0;n;1;00;0;S
Port;1947;1965;10;6>=1;2;00;0;n;0;0;0;-
Port;1976;1976;9;last6;1;00;0;n;0;0;0;-
Port;1977;1977;3;last6;0;00;0;n;1;00;0;S
Port;1977;1977;9;last6;0;00;0;n;0;0;0;-
Port;1978;1980;4;6>=1;1;00;0;n;1;00;0;S
Port;1978;1978;10;1;1;00;0;n;0;0;0;-
Port;1979;1980;9;last6;1;00;0;n;0;0;0;-
Port;1981;1986;3;last6;0;00;0;n;1;00;0;S
Port;1981;1985;9;last6;0;00;0;n;0;0;0;-
Romania;1932;1932;5;21;0;00;0;n;1;00;0;S
Romania;1932;1939;10;6>=1;0;00;0;n;0;0;0;-
Romania;1933;1939;4;6>=2;0;00;0;n;1;00;0;S
Romania;1979;1979;5;27;0;00;0;n;1;00;0;S
Romania;1979;1979;9;last6;0;00;0;n;0;0;0;-
Romania;1980;1980;4;5;23;00;0;n;1;00;0;S
Romania;1980;1980;9;last6;1;00;0;n;0;0;0;-
Romania;1991;1993;3;last6;0;00;0;n;1;00;0;S
Romania;1991;1993;9;last6;0;00;0;n;0;0;0;-
Spain;1918;1918;4;15;23;00;0;n;1;00;0;S
Spain;1918;1919;10;6;24;00;0;n;0;0;0;-
Spain;1919;1919;4;6;23;00;0;n;1;00;0;S
Spain;1924;1924;4;16;23;00;0;n;1;00;0;S
Spain;1924;1924;10;4;24;00;0;n;0;0;0;-
Spain;1926;1926;4;17;23;00;0;n;1;00;0;S
Spain;1926;1929;10;5>=1;24;00;0;n;0;0;0;-
Spain;1927;1927;4;9;23;00;0;n;1;00;0;S
Spain;1928;1928;4;15;0;00;0;n;1;00;0;S
Spain;1929;1929;4;20;23;00;0;n;1;00;0;S
Spain;1937;1937;6;16;23;00;0;n;1;00;0;S
Spain;1937;1937;10;2;24;00;0;n;0;0;0;-
Spain;1938;1938;4;2;23;00;0;n;1;00;0;S
Spain;1938;1938;4;30;23;00;0;n;2;00;0;M
Spain;1938;1938;10;2;24;00;0;n;1;00;0;S
Spain;1939;1939;10;7;24;00;0;n;0;0;0;-
Spain;1942;1942;5;2;23;00;0;n;1;00;0;S
Spain;1942;1942;9;1;1;00;0;n;0;0;0;-
Spain;1943;1946;4;5>=1;23;00;0;n;1;00;0;S
Spain;1943;1944;10;6>=1;1;00;0;n;0;0;0;-
Spain;1945;1946;9;last6;1;00;0;n;0;0;0;-
Spain;1949;1949;4;30;23;00;0;n;1;00;0;S
Spain;1949;1949;10;2;1;00;0;n;0;0;0;-
Spain;1974;1975;4;5>=1;23;00;0;n;1;00;0;S
Spain;1974;1975;10;6>=1;1;00;0;n;0;0;0;-
Spain;1976;1976;3;27;23;00;0;n;1;00;0;S
Spain;1976;1977;9;last6;1;00;0;n;0;0;0;-
Spain;1977;1977;4;2;23;00;0;n;1;00;0;S
Spain;1978;1978;4;2;2;00;0;n;1;00;0;S
Spain;1978;1978;10;1;2;00;0;n;0;0;0;-
SpainAfrica;1967;1967;6;3;12;00;0;n;1;00;0;S
SpainAfrica;1967;1967;10;1;0;00;0;n;0;0;0;-
SpainAfrica;1974;1974;6;24;0;00;0;n;1;00;0;S
SpainAfrica;1974;1974;9;1;0;00;0;n;0;0;0;-
SpainAfrica;1976;1977;5;1;0;00;0;n;1;00;0;S
SpainAfrica;1976;1976;8;1;0;00;0;n;0;0;0;-
SpainAfrica;1977;1977;9;28;0;00;0;n;0;0;0;-
SpainAfrica;1978;1978;6;1;0;00;0;n;1;00;0;S
SpainAfrica;1978;1978;8;4;0;00;0;n;0;0;0;-
Swiss;1941;1942;5;0>=1;1;00;0;n;1;00;0;S
Swiss;1941;1942;10;0>=1;2;00;0;n;0;0;0;-
Turkey;1916;1916;5;1;0;00;0;n;1;00;0;S
Turkey;1916;1916;10;1;0;00;0;n;0;0;0;-
Turkey;1920;1920;3;28;0;00;0;n;1;00;0;S
Turkey;1920;1920;10;25;0;00;0;n;0;0;0;-
Turkey;1921;1921;4;3;0;00;0;n;1;00;0;S
Turkey;1921;1921;10;3;0;00;0;n;0;0;0;-
Turkey;1922;1922;3;26;0;00;0;n;1;00;0;S
Turkey;1922;1922;10;8;0;00;0;n;0;0;0;-
Turkey;1924;1924;5;13;0;00;0;n;1;00;0;S
Turkey;1924;1925;10;1;0;00;0;n;0;0;0;-
Turkey;1925;1925;5;1;0;00;0;n;1;00;0;S
Turkey;1940;1940;7;1;0;00;0;n;1;00;0;S
Turkey;1940;1940;10;6;0;00;0;n;0;0;0;-
Turkey;1940;1940;12;1;0;00;0;n;1;00;0;S
Turkey;1941;1941;9;21;0;00;0;n;0;0;0;-
Turkey;1942;1942;4;1;0;00;0;n;1;00;0;S
Turkey;1945;1945;10;8;0;00;0;n;0;0;0;-
Turkey;1946;1946;6;1;0;00;0;n;1;00;0;S
Turkey;1946;1946;10;1;0;00;0;n;0;0;0;-
Turkey;1947;1948;4;6>=1;0;00;0;n;1;00;0;S
Turkey;1947;1951;10;6>=2;0;00;0;n;0;0;0;-
Turkey;1949;1949;4;10;0;00;0;n;1;00;0;S
Turkey;1950;1950;4;16;0;00;0;n;1;00;0;S
Turkey;1951;1951;4;22;0;00;0;n;1;00;0;S
Turkey;1962;1962;7;15;0;00;0;n;1;00;0;S
Turkey;1963;1963;10;30;0;00;0;n;0;0;0;-
Turkey;1964;1964;5;15;0;00;0;n;1;00;0;S
Turkey;1964;1964;10;1;0;00;0;n;0;0;0;-
Turkey;1973;1973;6;3;1;00;0;n;1;00;0;S
Turkey;1973;1976;10;6>=3;2;00;0;n;0;0;0;-
Turkey;1974;1974;3;31;2;00;0;n;1;00;0;S
Turkey;1975;1975;3;22;2;00;0;n;1;00;0;S
Turkey;1976;1976;3;21;2;00;0;n;1;00;0;S
Turkey;1977;1978;4;6>=1;2;00;0;n;1;00;0;S
Turkey;1977;1978;10;6>=1;2;00;0;n;0;0;0;-
Turkey;1978;1978;6;29;0;00;0;n;0;0;0;-
Turkey;1983;1983;7;31;2;00;0;n;1;00;0;S
Turkey;1983;1983;10;2;2;00;0;n;0;0;0;-
Turkey;1985;1985;4;20;1;00;0;n;1;00;0;S
Turkey;1985;1985;9;28;1;00;0;n;0;0;0;-
Turkey;1986;1993;3;last6;1;00;0;n;1;00;0;S
Turkey;1986;1995;9;last6;1;00;0;n;0;0;0;-
Turkey;1994;1994;3;20;1;00;0;n;1;00;0;S
Turkey;1995;2006;3;last6;1;00;0;n;1;00;0;S
Turkey;1996;2006;10;last6;1;00;0;n;0;0;0;-
US;1918;1919;3;last6;2;00;0;n;1;00;0;D
US;1918;1919;10;last6;2;00;0;n;0;0;0;S
US;1942;1942;2;9;2;00;0;n;1;00;0;W
US;1945;1945;8;14;23;00;0;u;1;00;0;P
US;1945;1945;9;30;2;00;0;n;0;0;0;S
US;1967;2006;10;last6;2;00;0;n;0;0;0;S
US;1967;1973;4;last6;2;00;0;n;1;00;0;D
US;1974;1974;1;6;2;00;0;n;1;00;0;D
US;1975;1975;2;last6;2;00;0;n;1;00;0;D
US;1976;1986;4;last6;2;00;0;n;1;00;0;D
US;1987;2006;4;6>=1;2;00;0;n;1;00;0;D
US;2007;max;3;6>=8;2;00;0;n;1;00;0;D
US;2007;max;11;6>=1;2;00;0;n;0;0;0;S
NYC;1920;1920;3;last6;2;00;0;n;1;00;0;D
NYC;1920;1920;10;last6;2;00;0;n;0;0;0;S
NYC;1921;1966;4;last6;2;00;0;n;1;00;0;D
NYC;1921;1954;9;last6;2;00;0;n;0;0;0;S
NYC;1955;1966;10;last6;2;00;0;n;0;0;0;S
Chicago;1920;1920;6;13;2;00;0;n;1;00;0;D
Chicago;1920;1921;10;last6;2;00;0;n;0;0;0;S
Chicago;1921;1921;3;last6;2;00;0;n;1;00;0;D
Chicago;1922;1966;4;last6;2;00;0;n;1;00;0;D
Chicago;1922;1954;9;last6;2;00;0;n;0;0;0;S
Chicago;1955;1966;10;last6;2;00;0;n;0;0;0;S
Denver;1920;1921;3;last6;2;00;0;n;1;00;0;D
Denver;1920;1920;10;last6;2;00;0;n;0;0;0;S
Denver;1921;1921;5;22;2;00;0;n;0;0;0;S
Denver;1965;1966;4;last6;2;00;0;n;1;00;0;D
Denver;1965;1966;10;last6;2;00;0;n;0;0;0;S
CA;1948;1948;3;14;2;01;0;n;1;00;0;D
CA;1949;1949;1;1;2;00;0;n;0;0;0;S
CA;1950;1966;4;last6;1;00;0;n;1;00;0;D
CA;1950;1961;9;last6;2;00;0;n;0;0;0;S
CA;1962;1966;10;last6;2;00;0;n;0;0;0;S
Indianapolis;1941;1941;6;22;2;00;0;n;1;00;0;D
Indianapolis;1941;1954;9;last6;2;00;0;n;0;0;0;S
Indianapolis;1946;1954;4;last6;2;00;0;n;1;00;0;D
Marengo;1951;1951;4;last6;2;00;0;n;1;00;0;D
Marengo;1951;1951;9;last6;2;00;0;n;0;0;0;S
Marengo;1954;1960;4;last6;2;00;0;n;1;00;0;D
Marengo;1954;1960;9;last6;2;00;0;n;0;0;0;S
Vincennes;1946;1946;4;last6;2;00;0;n;1;00;0;D
Vincennes;1946;1946;9;last6;2;00;0;n;0;0;0;S
Vincennes;1953;1954;4;last6;2;00;0;n;1;00;0;D
Vincennes;1953;1959;9;last6;2;00;0;n;0;0;0;S
Vincennes;1955;1955;5;1;0;00;0;n;1;00;0;D
Vincennes;1956;1963;4;last6;2;00;0;n;1;00;0;D
Vincennes;1960;1960;10;last6;2;00;0;n;0;0;0;S
Vincennes;1961;1961;9;last6;2;00;0;n;0;0;0;S
Vincennes;1962;1963;10;last6;2;00;0;n;0;0;0;S
Perry;1955;1955;5;1;0;00;0;n;1;00;0;D
Perry;1955;1960;9;last6;2;00;0;n;0;0;0;S
Perry;1956;1963;4;last6;2;00;0;n;1;00;0;D
Perry;1961;1963;10;last6;2;00;0;n;0;0;0;S
Pike;1955;1955;5;1;0;00;0;n;1;00;0;D
Pike;1955;1960;9;last6;2;00;0;n;0;0;0;S
Pike;1956;1964;4;last6;2;00;0;n;1;00;0;D
Pike;1961;1964;10;last6;2;00;0;n;0;0;0;S
Starke;1947;1961;4;last6;2;00;0;n;1;00;0;D
Starke;1947;1954;9;last6;2;00;0;n;0;0;0;S
Starke;1955;1956;10;last6;2;00;0;n;0;0;0;S
Starke;1957;1958;9;last6;2;00;0;n;0;0;0;S
Starke;1959;1961;10;last6;2;00;0;n;0;0;0;S
Pulaski;1946;1960;4;last6;2;00;0;n;1;00;0;D
Pulaski;1946;1954;9;last6;2;00;0;n;0;0;0;S
Pulaski;1955;1956;10;last6;2;00;0;n;0;0;0;S
Pulaski;1957;1960;9;last6;2;00;0;n;0;0;0;S
Louisville;1921;1921;5;1;2;00;0;n;1;00;0;D
Louisville;1921;1921;9;1;2;00;0;n;0;0;0;S
Louisville;1941;1941;4;last6;2;00;0;n;1;00;0;D
Louisville;1941;1941;9;last6;2;00;0;n;0;0;0;S
Louisville;1946;1946;4;last6;0;01;0;n;1;00;0;D
Louisville;1946;1946;6;2;2;00;0;n;0;0;0;S
Louisville;1950;1961;4;last6;2;00;0;n;1;00;0;D
Louisville;1950;1955;9;last6;2;00;0;n;0;0;0;S
Louisville;1956;1961;10;last6;2;00;0;n;0;0;0;S
Detroit;1948;1948;4;last6;2;00;0;n;1;00;0;D
Detroit;1948;1948;9;last6;2;00;0;n;0;0;0;S
Menominee;1946;1946;4;last6;2;00;0;n;1;00;0;D
Menominee;1946;1946;9;last6;2;00;0;n;0;0;0;S
Menominee;1966;1966;4;last6;2;00;0;n;1;00;0;D
Menominee;1966;1966;10;last6;2;00;0;n;0;0;0;S
Canada;1918;1918;4;14;2;00;0;n;1;00;0;D
Canada;1918;1918;10;27;2;00;0;n;0;0;0;S
Canada;1942;1942;2;9;2;00;0;n;1;00;0;W
Canada;1945;1945;8;14;23;00;0;u;1;00;0;P
Canada;1945;1945;9;30;2;00;0;n;0;0;0;S
Canada;1974;1986;4;last6;2;00;0;n;1;00;0;D
Canada;1974;2006;10;last6;2;00;0;n;0;0;0;S
Canada;1987;2006;4;6>=1;2;00;0;n;1;00;0;D
Canada;2007;max;3;6>=8;2;00;0;n;1;00;0;D
Canada;2007;max;11;6>=1;2;00;0;n;0;0;0;S
StJohns;1917;1917;4;8;2;00;0;n;1;00;0;D
StJohns;1917;1917;9;17;2;00;0;n;0;0;0;S
StJohns;1919;1919;5;5;23;00;0;n;1;00;0;D
StJohns;1919;1919;8;12;23;00;0;n;0;0;0;S
StJohns;1920;1935;5;6>=1;23;00;0;n;1;00;0;D
StJohns;1920;1935;10;last6;23;00;0;n;0;0;0;S
StJohns;1936;1941;5;0>=9;0;00;0;n;1;00;0;D
StJohns;1936;1941;10;0>=2;0;00;0;n;0;0;0;S
StJohns;1946;1950;5;6>=8;2;00;0;n;1;00;0;D
StJohns;1946;1950;10;6>=2;2;00;0;n;0;0;0;S
StJohns;1951;1986;4;last6;2;00;0;n;1;00;0;D
StJohns;1951;1959;9;last6;2;00;0;n;0;0;0;S
StJohns;1960;1986;10;last6;2;00;0;n;0;0;0;S
StJohns;1987;1987;4;6>=1;0;01;0;n;1;00;0;D
StJohns;1987;2006;10;last6;0;01;0;n;0;0;0;S
StJohns;1988;1988;4;6>=1;0;01;0;n;2;00;0;DD
StJohns;1989;2006;4;6>=1;0;01;0;n;1;00;0;D
StJohns;2007;2011;3;6>=8;0;01;0;n;1;00;0;D
StJohns;2007;2010;11;6>=1;0;01;0;n;0;0;0;S
Halifax;1916;1916;4;1;0;00;0;n;1;00;0;D
Halifax;1916;1916;10;1;0;00;0;n;0;0;0;S
Halifax;1920;1920;5;9;0;00;0;n;1;00;0;D
Halifax;1920;1920;8;29;0;00;0;n;0;0;0;S
Halifax;1921;1921;5;6;0;00;0;n;1;00;0;D
Halifax;1921;1922;9;5;0;00;0;n;0;0;0;S
Halifax;1922;1922;4;30;0;00;0;n;1;00;0;D
Halifax;1923;1925;5;6>=1;0;00;0;n;1;00;0;D
Halifax;1923;1923;9;4;0;00;0;n;0;0;0;S
Halifax;1924;1924;9;15;0;00;0;n;0;0;0;S
Halifax;1925;1925;9;28;0;00;0;n;0;0;0;S
Halifax;1926;1926;5;16;0;00;0;n;1;00;0;D
Halifax;1926;1926;9;13;0;00;0;n;0;0;0;S
Halifax;1927;1927;5;1;0;00;0;n;1;00;0;D
Halifax;1927;1927;9;26;0;00;0;n;0;0;0;S
Halifax;1928;1931;5;6>=8;0;00;0;n;1;00;0;D
Halifax;1928;1928;9;9;0;00;0;n;0;0;0;S
Halifax;1929;1929;9;3;0;00;0;n;0;0;0;S
Halifax;1930;1930;9;15;0;00;0;n;0;0;0;S
Halifax;1931;1932;9;0>=2;0;00;0;n;0;0;0;S
Halifax;1932;1932;5;1;0;00;0;n;1;00;0;D
Halifax;1933;1933;4;30;0;00;0;n;1;00;0;D
Halifax;1933;1933;10;2;0;00;0;n;0;0;0;S
Halifax;1934;1934;5;20;0;00;0;n;1;00;0;D
Halifax;1934;1934;9;16;0;00;0;n;0;0;0;S
Halifax;1935;1935;6;2;0;00;0;n;1;00;0;D
Halifax;1935;1935;9;30;0;00;0;n;0;0;0;S
Halifax;1936;1936;6;1;0;00;0;n;1;00;0;D
Halifax;1936;1936;9;14;0;00;0;n;0;0;0;S
Halifax;1937;1938;5;6>=1;0;00;0;n;1;00;0;D
Halifax;1937;1941;9;0>=2;0;00;0;n;0;0;0;S
Halifax;1939;1939;5;28;0;00;0;n;1;00;0;D
Halifax;1940;1941;5;6>=1;0;00;0;n;1;00;0;D
Halifax;1946;1949;4;last6;2;00;0;n;1;00;0;D
Halifax;1946;1949;9;last6;2;00;0;n;0;0;0;S
Halifax;1951;1954;4;last6;2;00;0;n;1;00;0;D
Halifax;1951;1954;9;last6;2;00;0;n;0;0;0;S
Halifax;1956;1959;4;last6;2;00;0;n;1;00;0;D
Halifax;1956;1959;9;last6;2;00;0;n;0;0;0;S
Halifax;1962;1973;4;last6;2;00;0;n;1;00;0;D
Halifax;1962;1973;10;last6;2;00;0;n;0;0;0;S
Moncton;1933;1935;6;6>=8;1;00;0;n;1;00;0;D
Moncton;1933;1935;9;6>=8;1;00;0;n;0;0;0;S
Moncton;1936;1938;6;6>=1;1;00;0;n;1;00;0;D
Moncton;1936;1938;9;6>=1;1;00;0;n;0;0;0;S
Moncton;1939;1939;5;27;1;00;0;n;1;00;0;D
Moncton;1939;1941;9;5>=2;1;00;0;n;0;0;0;S
Moncton;1940;1940;5;19;1;00;0;n;1;00;0;D
Moncton;1941;1941;5;4;1;00;0;n;1;00;0;D
Moncton;1946;1972;4;last6;2;00;0;n;1;00;0;D
Moncton;1946;1956;9;last6;2;00;0;n;0;0;0;S
Moncton;1957;1972;10;last6;2;00;0;n;0;0;0;S
Moncton;1993;2006;4;6>=1;0;01;0;n;1;00;0;D
Moncton;1993;2006;10;last6;0;01;0;n;0;0;0;S
Toronto;1919;1919;3;30;23;30;0;n;1;00;0;D
Toronto;1919;1919;10;26;0;00;0;n;0;0;0;S
Toronto;1920;1920;5;2;2;00;0;n;1;00;0;D
Toronto;1920;1920;9;26;0;00;0;n;0;0;0;S
Toronto;1921;1921;5;15;2;00;0;n;1;00;0;D
Toronto;1921;1921;9;15;2;00;0;n;0;0;0;S
Toronto;1922;1923;5;6>=8;2;00;0;n;1;00;0;D
Toronto;1922;1926;9;6>=1;2;00;0;n;0;0;0;S
Toronto;1924;1927;5;6>=1;2;00;0;n;1;00;0;D
Toronto;1927;1937;9;6>=2;2;00;0;n;0;0;0;S
Toronto;1928;1937;4;6>=2;2;00;0;n;1;00;0;D
Toronto;1938;1940;4;last6;2;00;0;n;1;00;0;D
Toronto;1938;1939;9;last6;2;00;0;n;0;0;0;S
Toronto;1945;1948;9;last6;2;00;0;n;0;0;0;S
Toronto;1946;1973;4;last6;2;00;0;n;1;00;0;D
Toronto;1949;1950;11;last6;2;00;0;n;0;0;0;S
Toronto;1951;1956;9;last6;2;00;0;n;0;0;0;S
Toronto;1957;1973;10;last6;2;00;0;n;0;0;0;S
Winn;1916;1916;4;23;0;00;0;n;1;00;0;D
Winn;1916;1916;9;17;0;00;0;n;0;0;0;S
Winn;1918;1918;4;14;2;00;0;n;1;00;0;D
Winn;1918;1918;10;27;2;00;0;n;0;0;0;S
Winn;1937;1937;5;16;2;00;0;n;1;00;0;D
Winn;1937;1937;9;26;2;00;0;n;0;0;0;S
Winn;1942;1942;2;9;2;00;0;n;1;00;0;W
Winn;1945;1945;8;14;23;00;0;u;1;00;0;P
Winn;1945;1945;9;last6;2;00;0;n;0;0;0;S
Winn;1946;1946;5;12;2;00;0;n;1;00;0;D
Winn;1946;1946;10;13;2;00;0;n;0;0;0;S
Winn;1947;1949;4;last6;2;00;0;n;1;00;0;D
Winn;1947;1949;9;last6;2;00;0;n;0;0;0;S
Winn;1950;1950;5;1;2;00;0;n;1;00;0;D
Winn;1950;1950;9;30;2;00;0;n;0;0;0;S
Winn;1951;1960;4;last6;2;00;0;n;1;00;0;D
Winn;1951;1958;9;last6;2;00;0;n;0;0;0;S
Winn;1959;1959;10;last6;2;00;0;n;0;0;0;S
Winn;1960;1960;9;last6;2;00;0;n;0;0;0;S
Winn;1963;1963;4;last6;2;00;0;n;1;00;0;D
Winn;1963;1963;9;22;2;00;0;n;0;0;0;S
Winn;1966;1986;4;last6;2;00;0;n;1;00;0;D
Winn;1966;2005;10;last6;2;00;0;n;0;0;0;S
Winn;1987;2005;4;6>=1;2;00;0;n;1;00;0;D
Regina;1918;1918;4;14;2;00;0;n;1;00;0;D
Regina;1918;1918;10;27;2;00;0;n;0;0;0;S
Regina;1930;1934;5;6>=1;0;00;0;n;1;00;0;D
Regina;1930;1934;10;6>=1;0;00;0;n;0;0;0;S
Regina;1937;1941;4;6>=8;0;00;0;n;1;00;0;D
Regina;1937;1937;10;6>=8;0;00;0;n;0;0;0;S
Regina;1938;1938;10;6>=1;0;00;0;n;0;0;0;S
Regina;1939;1941;10;6>=8;0;00;0;n;0;0;0;S
Regina;1942;1942;2;9;2;00;0;n;1;00;0;W
Regina;1945;1945;8;14;23;00;0;u;1;00;0;P
Regina;1945;1945;9;last6;2;00;0;n;0;0;0;S
Regina;1946;1946;4;6>=8;2;00;0;n;1;00;0;D
Regina;1946;1946;10;6>=8;2;00;0;n;0;0;0;S
Regina;1947;1957;4;last6;2;00;0;n;1;00;0;D
Regina;1947;1957;9;last6;2;00;0;n;0;0;0;S
Regina;1959;1959;4;last6;2;00;0;n;1;00;0;D
Regina;1959;1959;10;last6;2;00;0;n;0;0;0;S
Swift;1957;1957;4;last6;2;00;0;n;1;00;0;D
Swift;1957;1957;10;last6;2;00;0;n;0;0;0;S
Swift;1959;1961;4;last6;2;00;0;n;1;00;0;D
Swift;1959;1959;10;last6;2;00;0;n;0;0;0;S
Swift;1960;1961;9;last6;2;00;0;n;0;0;0;S
Edm;1918;1919;4;6>=8;2;00;0;n;1;00;0;D
Edm;1918;1918;10;27;2;00;0;n;0;0;0;S
Edm;1919;1919;5;27;2;00;0;n;0;0;0;S
Edm;1920;1923;4;last6;2;00;0;n;1;00;0;D
Edm;1920;1920;10;last6;2;00;0;n;0;0;0;S
Edm;1921;1923;9;last6;2;00;0;n;0;0;0;S
Edm;1942;1942;2;9;2;00;0;n;1;00;0;W
Edm;1945;1945;8;14;23;00;0;u;1;00;0;P
Edm;1945;1945;9;last6;2;00;0;n;0;0;0;S
Edm;1947;1947;4;last6;2;00;0;n;1;00;0;D
Edm;1947;1947;9;last6;2;00;0;n;0;0;0;S
Edm;1972;1986;4;last6;2;00;0;n;1;00;0;D
Edm;1972;2006;10;last6;2;00;0;n;0;0;0;S
Vanc;1918;1918;4;14;2;00;0;n;1;00;0;D
Vanc;1918;1918;10;27;2;00;0;n;0;0;0;S
Vanc;1942;1942;2;9;2;00;0;n;1;00;0;W
Vanc;1945;1945;8;14;23;00;0;u;1;00;0;P
Vanc;1945;1945;9;30;2;00;0;n;0;0;0;S
Vanc;1946;1986;4;last6;2;00;0;n;1;00;0;D
Vanc;1946;1946;9;29;2;00;0;n;0;0;0;S
Vanc;1947;1961;9;last6;2;00;0;n;0;0;0;S
Vanc;1962;2006;10;last6;2;00;0;n;0;0;0;S
NT_YK;1918;1918;4;14;2;00;0;n;1;00;0;D
NT_YK;1918;1918;10;27;2;00;0;n;0;0;0;S
NT_YK;1919;1919;5;25;2;00;0;n;1;00;0;D
NT_YK;1919;1919;11;1;0;00;0;n;0;0;0;S
NT_YK;1942;1942;2;9;2;00;0;n;1;00;0;W
NT_YK;1945;1945;8;14;23;00;0;u;1;00;0;P
NT_YK;1945;1945;9;30;2;00;0;n;0;0;0;S
NT_YK;1972;1986;4;last6;2;00;0;n;1;00;0;D
NT_YK;1972;2006;10;last6;2;00;0;n;0;0;0;S
NT_YK;1987;2006;4;6>=1;2;00;0;n;1;00;0;D
Yukon;1965;1965;4;last6;0;00;0;n;2;00;0;DD
Yukon;1965;1965;10;last6;2;00;0;n;0;0;0;S
Mexico;1931;1931;4;30;0;00;0;n;1;00;0;D
Mexico;1931;1931;10;1;0;00;0;n;0;0;0;S
Mexico;1939;1939;2;5;0;00;0;n;1;00;0;D
Mexico;1939;1939;6;25;0;00;0;n;0;0;0;S
Mexico;1940;1940;12;9;0;00;0;n;1;00;0;D
Mexico;1941;1941;4;1;0;00;0;n;0;0;0;S
Mexico;1943;1943;12;16;0;00;0;n;1;00;0;W
Mexico;1944;1944;5;1;0;00;0;n;0;0;0;S
Mexico;1950;1950;2;12;0;00;0;n;1;00;0;D
Mexico;1950;1950;7;30;0;00;0;n;0;0;0;S
Mexico;1996;2000;4;6>=1;2;00;0;n;1;00;0;D
Mexico;1996;2000;10;last6;2;00;0;n;0;0;0;S
Mexico;2001;2001;5;6>=1;2;00;0;n;1;00;0;D
Mexico;2001;2001;9;last6;2;00;0;n;0;0;0;S
Mexico;2002;2022;4;6>=1;2;00;0;n;1;00;0;D
Mexico;2002;2022;10;last6;2;00;0;n;0;0;0;S
Barb;1942;1942;4;19;5;00;0;u;1;00;0;D
Barb;1942;1942;8;31;6;00;0;u;0;0;0;S
Barb;1943;1943;5;2;5;00;0;u;1;00;0;D
Barb;1943;1943;9;5;6;00;0;u;0;0;0;S
Barb;1944;1944;4;10;5;00;0;u;0;30;0;-
Barb;1944;1944;9;10;6;00;0;u;0;0;0;S
Barb;1977;1977;6;12;2;00;0;n;1;00;0;D
Barb;1977;1978;10;6>=1;2;00;0;n;0;0;0;S
Barb;1978;1980;4;6>=1;2;00;0;n;1;00;0;D
Barb;1979;1979;9;30;2;00;0;n;0;0;0;S
Barb;1980;1980;9;25;2;00;0;n;0;0;0;S
Belize;1918;1941;10;5>=1;24;00;0;n;0;30;0;-0530
Belize;1919;1942;2;5>=8;24;00;0;n;0;0;0;CST
Belize;1942;1942;6;27;24;00;0;n;1;00;0;CWT
Belize;1945;1945;8;14;23;00;0;u;1;00;0;CPT
Belize;1945;1945;12;15;24;00;0;n;0;0;0;CST
Belize;1947;1967;10;5>=1;24;00;0;n;0;30;0;-0530
Belize;1948;1968;2;5>=8;24;00;0;n;0;0;0;CST
Belize;1973;1973;12;5;0;00;0;n;1;00;0;CDT
Belize;1974;1974;2;9;0;00;0;n;0;0;0;CST
Belize;1982;1982;12;18;0;00;0;n;1;00;0;CDT
Belize;1983;1983;2;12;0;00;0;n;0;0;0;CST
Bermuda;1917;1917;4;5;24;00;0;n;1;00;0;-
Bermuda;1917;1917;9;30;24;00;0;n;0;0;0;-
Bermuda;1918;1918;4;13;24;00;0;n;1;00;0;-
Bermuda;1918;1918;9;15;24;00;0;n;0;0;0;S
Bermuda;1942;1942;1;11;2;00;0;n;1;00;0;D
Bermuda;1942;1942;10;18;2;00;0;n;0;0;0;S
Bermuda;1943;1943;3;21;2;00;0;n;1;00;0;D
Bermuda;1943;1943;10;31;2;00;0;n;0;0;0;S
Bermuda;1944;1945;3;6>=8;2;00;0;n;1;00;0;D
Bermuda;1944;1945;11;6>=1;2;00;0;n;0;0;0;S
Bermuda;1947;1947;5;6>=1;2;00;0;n;1;00;0;D
Bermuda;1947;1947;9;6>=8;2;00;0;n;0;0;0;S
Bermuda;1948;1952;5;6>=2;2;00;0;n;1;00;0;D
Bermuda;1948;1952;9;6>=1;2;00;0;n;0;0;0;S
Bermuda;1956;1956;5;6>=2;2;00;0;n;1;00;0;D
Bermuda;1956;1956;10;last6;2;00;0;n;0;0;0;S
CR;1979;1980;2;last6;0;00;0;n;1;00;0;D
CR;1979;1980;6;6>=1;0;00;0;n;0;0;0;S
CR;1991;1992;1;5>=1;0;00;0;n;1;00;0;D
CR;1991;1991;7;1;0;00;0;n;0;0;0;S
CR;1992;1992;3;15;0;00;0;n;0;0;0;S
Cuba;1928;1928;6;10;0;00;0;n;1;00;0;D
Cuba;1928;1928;10;10;0;00;0;n;0;0;0;S
Cuba;1940;1942;6;6>=1;0;00;0;n;1;00;0;D
Cuba;1940;1942;9;6>=1;0;00;0;n;0;0;0;S
Cuba;1945;1946;6;6>=1;0;00;0;n;1;00;0;D
Cuba;1945;1946;9;6>=1;0;00;0;n;0;0;0;S
Cuba;1965;1965;6;1;0;00;0;n;1;00;0;D
Cuba;1965;1965;9;30;0;00;0;n;0;0;0;S
Cuba;1966;1966;5;29;0;00;0;n;1;00;0;D
Cuba;1966;1966;10;2;0;00;0;n;0;0;0;S
Cuba;1967;1967;4;8;0;00;0;n;1;00;0;D
Cuba;1967;1968;9;6>=8;0;00;0;n;0;0;0;S
Cuba;1968;1968;4;14;0;00;0;n;1;00;0;D
Cuba;1969;1977;4;last6;0;00;0;n;1;00;0;D
Cuba;1969;1971;10;last6;0;00;0;n;0;0;0;S
Cuba;1972;1974;10;8;0;00;0;n;0;0;0;S
Cuba;1975;1977;10;last6;0;00;0;n;0;0;0;S
Cuba;1978;1978;5;7;0;00;0;n;1;00;0;D
Cuba;1978;1990;10;6>=8;0;00;0;n;0;0;0;S
Cuba;1979;1980;3;6>=1;0;00;0;n;1;00;0;D
Cuba;1981;1985;5;6>=5;0;00;0;n;1;00;0;D
Cuba;1986;1989;3;6>=1;0;00;0;n;1;00;0;D
Cuba;1990;1997;4;6>=1;0;00;0;n;1;00;0;D
Cuba;1991;1995;10;6>=8;0;00;0;n;0;0;0;S
Cuba;1996;1996;10;6;0;00;0;n;0;0;0;S
Cuba;1997;1997;10;12;0;00;0;n;0;0;0;S
Cuba;1998;1999;3;last6;0;00;0;n;1;00;0;D
Cuba;1998;2003;10;last6;0;00;0;n;0;0;0;S
Cuba;2000;2003;4;6>=1;0;00;0;n;1;00;0;D
Cuba;2004;2004;3;last6;0;00;0;n;1;00;0;D
Cuba;2006;2010;10;last6;0;00;0;n;0;0;0;S
Cuba;2007;2007;3;6>=8;0;00;0;n;1;00;0;D
Cuba;2008;2008;3;6>=1;0;00;0;n;1;00;0;D
Cuba;2009;2010;3;6>=8;0;00;0;n;1;00;0;D
Cuba;2011;2011;3;6>=1;0;00;0;n;1;00;0;D
Cuba;2011;2011;11;13;0;00;0;n;0;0;0;S
Cuba;2012;2012;4;1;0;00;0;n;1;00;0;D
Cuba;2012;max;11;6>=1;0;00;0;n;0;0;0;S
Cuba;2013;max;3;6>=8;0;00;0;n;1;00;0;D
DR;1966;1966;10;30;0;00;0;n;1;00;0;EDT
DR;1967;1967;2;28;0;00;0;n;0;0;0;EST
DR;1969;1973;10;last6;0;00;0;n;0;30;0;-0430
DR;1970;1970;2;21;0;00;0;n;0;0;0;EST
DR;1971;1971;1;20;0;00;0;n;0;0;0;EST
DR;1972;1974;1;21;0;00;0;n;0;0;0;EST
Salv;1987;1988;5;6>=1;0;00;0;n;1;00;0;D
Salv;1987;1988;9;last6;0;00;0;n;0;0;0;S
Guat;1973;1973;11;25;0;00;0;n;1;00;0;D
Guat;1974;1974;2;24;0;00;0;n;0;0;0;S
Guat;1983;1983;5;21;0;00;0;n;1;00;0;D
Guat;1983;1983;9;22;0;00;0;n;0;0;0;S
Guat;1991;1991;3;23;0;00;0;n;1;00;0;D
Guat;1991;1991;9;7;0;00;0;n;0;0;0;S
Guat;2006;2006;4;30;0;00;0;n;1;00;0;D
Guat;2006;2006;10;1;0;00;0;n;0;0;0;S
Haiti;1983;1983;5;8;0;00;0;n;1;00;0;D
Haiti;1984;1987;4;last6;0;00;0;n;1;00;0;D
Haiti;1983;1987;10;last6;0;00;0;n;0;0;0;S
Haiti;1988;1997;4;6>=1;1;00;0;n;1;00;0;D
Haiti;1988;1997;10;last6;1;00;0;n;0;0;0;S
Haiti;2005;2006;4;6>=1;0;00;0;n;1;00;0;D
Haiti;2005;2006;10;last6;0;00;0;n;0;0;0;S
Haiti;2012;2015;3;6>=8;2;00;0;n;1;00;0;D
Haiti;2012;2015;11;6>=1;2;00;0;n;0;0;0;S
Haiti;2017;max;3;6>=8;2;00;0;n;1;00;0;D
Haiti;2017;max;11;6>=1;2;00;0;n;0;0;0;S
Hond;1987;1988;5;6>=1;0;00;0;n;1;00;0;D
Hond;1987;1988;9;last6;0;00;0;n;0;0;0;S
Hond;2006;2006;5;6>=1;0;00;0;n;1;00;0;D
Hond;2006;2006;8;0>=1;0;00;0;n;0;0;0;S
Nic;1979;1980;3;6>=1;0;00;0;n;1;00;0;D
Nic;1979;1980;6;0>=2;0;00;0;n;0;0;0;S
Nic;2005;2005;4;10;0;00;0;n;1;00;0;D
Nic;2005;2005;10;6>=1;0;00;0;n;0;0;0;S
Nic;2006;2006;4;30;2;00;0;n;1;00;0;D
Nic;2006;2006;10;6>=1;1;00;0;n;0;0;0;S
Arg;1930;1930;12;1;0;00;0;n;1;00;0;-
Arg;1931;1931;4;1;0;00;0;n;0;0;0;-
Arg;1931;1931;10;15;0;00;0;n;1;00;0;-
Arg;1932;1940;3;1;0;00;0;n;0;0;0;-
Arg;1932;1939;11;1;0;00;0;n;1;00;0;-
Arg;1940;1940;7;1;0;00;0;n;1;00;0;-
Arg;1941;1941;6;15;0;00;0;n;0;0;0;-
Arg;1941;1941;10;15;0;00;0;n;1;00;0;-
Arg;1943;1943;8;1;0;00;0;n;0;0;0;-
Arg;1943;1943;10;15;0;00;0;n;1;00;0;-
Arg;1946;1946;3;1;0;00;0;n;0;0;0;-
Arg;1946;1946;10;1;0;00;0;n;1;00;0;-
Arg;1963;1963;10;1;0;00;0;n;0;0;0;-
Arg;1963;1963;12;15;0;00;0;n;1;00;0;-
Arg;1964;1966;3;1;0;00;0;n;0;0;0;-
Arg;1964;1966;10;15;0;00;0;n;1;00;0;-
Arg;1967;1967;4;2;0;00;0;n;0;0;0;-
Arg;1967;1968;10;6>=1;0;00;0;n;1;00;0;-
Arg;1968;1969;4;6>=1;0;00;0;n;0;0;0;-
Arg;1974;1974;1;23;0;00;0;n;1;00;0;-
Arg;1974;1974;5;1;0;00;0;n;0;0;0;-
Arg;1988;1988;12;1;0;00;0;n;1;00;0;-
Arg;1989;1993;3;6>=1;0;00;0;n;0;0;0;-
Arg;1989;1992;10;6>=1;0;00;0;n;1;00;0;-
Arg;1999;1999;10;6>=1;0;00;0;n;1;00;0;-
Arg;2000;2000;3;3;0;00;0;n;0;0;0;-
Arg;2007;2007;12;30;0;00;0;n;1;00;0;-
Arg;2008;2009;3;6>=1;0;00;0;n;0;0;0;-
Arg;2008;2008;10;6>=1;0;00;0;n;1;00;0;-
SanLuis;2008;2009;3;6>=8;0;00;0;n;0;0;0;-
SanLuis;2007;2008;10;6>=8;0;00;0;n;1;00;0;-
Brazil;1931;1931;10;3;11;00;0;n;1;00;0;-
Brazil;1932;1933;4;1;0;00;0;n;0;0;0;-
Brazil;1932;1932;10;3;0;00;0;n;1;00;0;-
Brazil;1949;1952;12;1;0;00;0;n;1;00;0;-
Brazil;1950;1950;4;16;1;00;0;n;0;0;0;-
Brazil;1951;1952;4;1;0;00;0;n;0;0;0;-
Brazil;1953;1953;3;1;0;00;0;n;0;0;0;-
Brazil;1963;1963;12;9;0;00;0;n;1;00;0;-
Brazil;1964;1964;3;1;0;00;0;n;0;0;0;-
Brazil;1965;1965;1;31;0;00;0;n;1;00;0;-
Brazil;1965;1965;3;31;0;00;0;n;0;0;0;-
Brazil;1965;1965;12;1;0;00;0;n;1;00;0;-
Brazil;1966;1968;3;1;0;00;0;n;0;0;0;-
Brazil;1966;1967;11;1;0;00;0;n;1;00;0;-
Brazil;1985;1985;11;2;0;00;0;n;1;00;0;-
Brazil;1986;1986;3;15;0;00;0;n;0;0;0;-
Brazil;1986;1986;10;25;0;00;0;n;1;00;0;-
Brazil;1987;1987;2;14;0;00;0;n;0;0;0;-
Brazil;1987;1987;10;25;0;00;0;n;1;00;0;-
Brazil;1988;1988;2;7;0;00;0;n;0;0;0;-
Brazil;1988;1988;10;16;0;00;0;n;1;00;0;-
Brazil;1989;1989;1;29;0;00;0;n;0;0;0;-
Brazil;1989;1989;10;15;0;00;0;n;1;00;0;-
Brazil;1990;1990;2;11;0;00;0;n;0;0;0;-
Brazil;1990;1990;10;21;0;00;0;n;1;00;0;-
Brazil;1991;1991;2;17;0;00;0;n;0;0;0;-
Brazil;1991;1991;10;20;0;00;0;n;1;00;0;-
Brazil;1992;1992;2;9;0;00;0;n;0;0;0;-
Brazil;1992;1992;10;25;0;00;0;n;1;00;0;-
Brazil;1993;1993;1;31;0;00;0;n;0;0;0;-
Brazil;1993;1995;10;6>=1;0;00;0;n;1;00;0;-
Brazil;1994;1995;2;6>=1;0;00;0;n;0;0;0;-
Brazil;1996;1996;2;11;0;00;0;n;0;0;0;-
Brazil;1996;1996;10;6;0;00;0;n;1;00;0;-
Brazil;1997;1997;2;16;0;00;0;n;0;0;0;-
Brazil;1997;1997;10;6;0;00;0;n;1;00;0;-
Brazil;1998;1998;3;1;0;00;0;n;0;0;0;-
Brazil;1998;1998;10;11;0;00;0;n;1;00;0;-
Brazil;1999;1999;2;21;0;00;0;n;0;0;0;-
Brazil;1999;1999;10;3;0;00;0;n;1;00;0;-
Brazil;2000;2000;2;27;0;00;0;n;0;0;0;-
Brazil;2000;2001;10;6>=8;0;00;0;n;1;00;0;-
Brazil;2001;2006;2;6>=1;0;00;0;n;0;0;0;-
Brazil;2002;2002;11;3;0;00;0;n;1;00;0;-
Brazil;2003;2003;10;19;0;00;0;n;1;00;0;-
Brazil;2004;2004;11;2;0;00;0;n;1;00;0;-
Brazil;2005;2005;10;16;0;00;0;n;1;00;0;-
Brazil;2006;2006;11;5;0;00;0;n;1;00;0;-
Brazil;2007;2007;2;25;0;00;0;n;0;0;0;-
Brazil;2007;2007;10;6>=8;0;00;0;n;1;00;0;-
Brazil;2008;2017;10;6>=1;0;00;0;n;1;00;0;-
Brazil;2008;2011;2;6>=1;0;00;0;n;0;0;0;-
Brazil;2012;2012;2;6>=2;0;00;0;n;0;0;0;-
Brazil;2013;2014;2;6>=1;0;00;0;n;0;0;0;-
Brazil;2015;2015;2;6>=2;0;00;0;n;0;0;0;-
Brazil;2016;2019;2;6>=1;0;00;0;n;0;0;0;-
Brazil;2018;2018;11;6>=1;0;00;0;n;1;00;0;-
Chile;1927;1931;9;1;0;00;0;n;1;00;0;-
Chile;1928;1932;4;1;0;00;0;n;0;0;0;-
Chile;1968;1968;11;3;4;00;0;u;1;00;0;-
Chile;1969;1969;3;30;3;00;0;u;0;0;0;-
Chile;1969;1969;11;23;4;00;0;u;1;00;0;-
Chile;1970;1970;3;29;3;00;0;u;0;0;0;-
Chile;1971;1971;3;14;3;00;0;u;0;0;0;-
Chile;1970;1972;10;6>=9;4;00;0;u;1;00;0;-
Chile;1972;1986;3;6>=9;3;00;0;u;0;0;0;-
Chile;1973;1973;9;30;4;00;0;u;1;00;0;-
Chile;1974;1987;10;6>=9;4;00;0;u;1;00;0;-
Chile;1987;1987;4;12;3;00;0;u;0;0;0;-
Chile;1988;1990;3;6>=9;3;00;0;u;0;0;0;-
Chile;1988;1989;10;6>=9;4;00;0;u;1;00;0;-
Chile;1990;1990;9;16;4;00;0;u;1;00;0;-
Chile;1991;1996;3;6>=9;3;00;0;u;0;0;0;-
Chile;1991;1997;10;6>=9;4;00;0;u;1;00;0;-
Chile;1997;1997;3;30;3;00;0;u;0;0;0;-
Chile;1998;1998;3;6>=9;3;00;0;u;0;0;0;-
Chile;1998;1998;9;27;4;00;0;u;1;00;0;-
Chile;1999;1999;4;4;3;00;0;u;0;0;0;-
Chile;1999;2010;10;6>=9;4;00;0;u;1;00;0;-
Chile;2000;2007;3;6>=9;3;00;0;u;0;0;0;-
Chile;2008;2008;3;30;3;00;0;u;0;0;0;-
Chile;2009;2009;3;6>=9;3;00;0;u;0;0;0;-
Chile;2010;2010;4;6>=1;3;00;0;u;0;0;0;-
Chile;2011;2011;5;6>=2;3;00;0;u;0;0;0;-
Chile;2011;2011;8;6>=1;4;00;0;u;1;00;0;-
Chile;2012;2014;4;6>=2;3;00;0;u;0;0;0;-
Chile;2012;2014;9;6>=2;4;00;0;u;1;00;0;-
Chile;2016;2018;5;6>=9;3;00;0;u;0;0;0;-
Chile;2016;2018;8;6>=9;4;00;0;u;1;00;0;-
Chile;2019;max;4;6>=2;3;00;0;u;0;0;0;-
Chile;2019;2021;9;6>=2;4;00;0;u;1;00;0;-
Chile;2022;2022;9;6>=9;4;00;0;u;1;00;0;-
Chile;2023;max;9;6>=2;4;00;0;u;1;00;0;-
CO;1992;1992;5;3;0;00;0;n;1;00;0;-
CO;1993;1993;2;6;24;00;0;n;0;0;0;-
Ecuador;1992;1992;11;28;0;00;0;n;1;00;0;-
Ecuador;1993;1993;2;5;0;00;0;n;0;0;0;-
Falk;1937;1938;9;last6;0;00;0;n;1;00;0;-
Falk;1938;1942;3;6>=1;0;00;0;n;0;0;0;-
Falk;1939;1939;10;1;0;00;0;n;1;00;0;-
Falk;1940;1942;9;last6;0;00;0;n;1;00;0;-
Falk;1943;1943;1;1;0;00;0;n;0;0;0;-
Falk;1983;1983;9;last6;0;00;0;n;1;00;0;-
Falk;1984;1985;4;last6;0;00;0;n;0;0;0;-
Falk;1984;1984;9;16;0;00;0;n;1;00;0;-
Falk;1985;2000;9;6>=9;0;00;0;n;1;00;0;-
Falk;1986;2000;4;6>=1;0;00;0;n;0;0;0;-
Falk;2001;2010;4;6>=1;2;00;0;n;0;0;0;-
Falk;2001;2010;9;6>=1;2;00;0;n;1;00;0;-
Para;1975;1988;10;1;0;00;0;n;1;00;0;-
Para;1975;1978;3;1;0;00;0;n;0;0;0;-
Para;1979;1991;4;1;0;00;0;n;0;0;0;-
Para;1989;1989;10;22;0;00;0;n;1;00;0;-
Para;1990;1990;10;1;0;00;0;n;1;00;0;-
Para;1991;1991;10;6;0;00;0;n;1;00;0;-
Para;1992;1992;3;1;0;00;0;n;0;0;0;-
Para;1992;1992;10;5;0;00;0;n;1;00;0;-
Para;1993;1993;3;31;0;00;0;n;0;0;0;-
Para;1993;1995;10;1;0;00;0;n;1;00;0;-
Para;1994;1995;2;last6;0;00;0;n;0;0;0;-
Para;1996;1996;3;1;0;00;0;n;0;0;0;-
Para;1996;2001;10;6>=1;0;00;0;n;1;00;0;-
Para;1997;1997;2;last6;0;00;0;n;0;0;0;-
Para;1998;2001;3;6>=1;0;00;0;n;0;0;0;-
Para;2002;2004;4;6>=1;0;00;0;n;0;0;0;-
Para;2002;2003;9;6>=1;0;00;0;n;1;00;0;-
Para;2004;2009;10;6>=1;0;00;0;n;1;00;0;-
Para;2005;2009;3;6>=8;0;00;0;n;0;0;0;-
Para;2010;2024;10;6>=1;0;00;0;n;1;00;0;-
Para;2010;2012;4;6>=8;0;00;0;n;0;0;0;-
Para;2013;2024;3;6>=2;0;00;0;n;0;0;0;-
Peru;1938;1938;1;1;0;00;0;n;1;00;0;-
Peru;1938;1938;4;1;0;00;0;n;0;0;0;-
Peru;1938;1939;9;last6;0;00;0;n;1;00;0;-
Peru;1939;1940;3;6>=2;0;00;0;n;0;0;0;-
Peru;1986;1987;1;1;0;00;0;n;1;00;0;-
Peru;1986;1987;4;1;0;00;0;n;0;0;0;-
Peru;1990;1990;1;1;0;00;0;n;1;00;0;-
Peru;1990;1990;4;1;0;00;0;n;0;0;0;-
Peru;1994;1994;1;1;0;00;0;n;1;00;0;-
Peru;1994;1994;4;1;0;00;0;n;0;0;0;-
Uruguay;1923;1925;10;1;0;00;0;n;0;30;0;-
Uruguay;1924;1926;4;1;0;00;0;n;0;0;0;-
Uruguay;1933;1938;10;last6;0;00;0;n;0;30;0;-
Uruguay;1934;1941;3;last5;24;00;0;n;0;0;0;-
Uruguay;1939;1939;10;1;0;00;0;n;0;30;0;-
Uruguay;1940;1940;10;27;0;00;0;n;0;30;0;-
Uruguay;1941;1941;8;1;0;00;0;n;0;30;0;-
Uruguay;1942;1942;12;14;0;00;0;n;0;30;0;-
Uruguay;1943;1943;3;14;0;00;0;n;0;0;0;-
Uruguay;1959;1959;5;24;0;00;0;n;0;30;0;-
Uruguay;1959;1959;11;15;0;00;0;n;0;0;0;-
Uruguay;1960;1960;1;17;0;00;0;n;1;00;0;-
Uruguay;1960;1960;3;6;0;00;0;n;0;0;0;-
Uruguay;1965;1965;4;4;0;00;0;n;1;00;0;-
Uruguay;1965;1965;9;26;0;00;0;n;0;0;0;-
Uruguay;1968;1968;5;27;0;00;0;n;0;30;0;-
Uruguay;1968;1968;12;1;0;00;0;n;0;0;0;-
Uruguay;1970;1970;4;25;0;00;0;n;1;00;0;-
Uruguay;1970;1970;6;14;0;00;0;n;0;0;0;-
Uruguay;1972;1972;4;23;0;00;0;n;1;00;0;-
Uruguay;1972;1972;7;16;0;00;0;n;0;0;0;-
Uruguay;1974;1974;1;13;0;00;0;n;1;30;0;-
Uruguay;1974;1974;3;10;0;00;0;n;0;30;0;-
Uruguay;1974;1974;9;1;0;00;0;n;0;0;0;-
Uruguay;1974;1974;12;22;0;00;0;n;1;00;0;-
Uruguay;1975;1975;3;30;0;00;0;n;0;0;0;-
Uruguay;1976;1976;12;19;0;00;0;n;1;00;0;-
Uruguay;1977;1977;3;6;0;00;0;n;0;0;0;-
Uruguay;1977;1977;12;4;0;00;0;n;1;00;0;-
Uruguay;1978;1979;3;6>=1;0;00;0;n;0;0;0;-
Uruguay;1978;1978;12;17;0;00;0;n;1;00;0;-
Uruguay;1979;1979;4;29;0;00;0;n;1;00;0;-
Uruguay;1980;1980;3;16;0;00;0;n;0;0;0;-
Uruguay;1987;1987;12;14;0;00;0;n;1;00;0;-
Uruguay;1988;1988;2;28;0;00;0;n;0;0;0;-
Uruguay;1988;1988;12;11;0;00;0;n;1;00;0;-
Uruguay;1989;1989;3;5;0;00;0;n;0;0;0;-
Uruguay;1989;1989;10;29;0;00;0;n;1;00;0;-
Uruguay;1990;1990;2;25;0;00;0;n;0;0;0;-
Uruguay;1990;1991;10;6>=2;0;00;0;n;1;00;0;-
Uruguay;1991;1992;3;6>=1;0;00;0;n;0;0;0;-
Uruguay;1992;1992;10;18;0;00;0;n;1;00;0;-
Uruguay;1993;1993;2;28;0;00;0;n;0;0;0;-
Uruguay;2004;2004;9;19;0;00;0;n;1;00;0;-
Uruguay;2005;2005;3;27;2;00;0;n;0;0;0;-
Uruguay;2005;2005;10;9;2;00;0;n;1;00;0;-
Uruguay;2006;2015;3;6>=8;2;00;0;n;0;0;0;-
Uruguay;2006;2014;10;6>=1;2;00;0;n;1;00;0;-
