{"entities":{"pages":{"UserManual":{"id":"UserManual","title":"User Manual Enigma Astrology Research - release 0.2","url":"usermanual.html","level":0,"tabIndex":0},"Configuration-and-settings":{"id":"Configuration-and-settings","title":"Configuration and settings","url":"configuration-and-settings.html","level":0,"tabIndex":1},"General":{"id":"General","title":"Module charts","url":"general.html","level":0,"tabIndex":2},"Module-Research":{"id":"Module-Research","title":"Module Research","url":"module-research.html","level":0,"tabIndex":3},"Appendix":{"id":"Appendix","title":"Appendix","url":"appendix.html","level":0,"tabIndex":4}}},"topLevelIds":["UserManual","Configuration-and-settings","General","Module-Research","Appendix"]}