{"entities":{"pages":{"UserManual":{"id":"UserManual","title":"User Manual Enigma Astrology Research","url":"usermanual.html","level":0,"tabIndex":0},"Installation-manual":{"id":"Installation-manual","title":"Installation manual Enigma Astrology Research 0.2","url":"installation-manual.html","level":0,"tabIndex":1},"Release-notes":{"id":"Release-notes","title":"Release notes Enigma Astrology Research","url":"release-notes.html","level":0,"tabIndex":2},"Programmers-Manual":{"id":"Programmers-Manual","title":"Developers Documentation Enigma Research","url":"programmers-manual.html","level":0,"tabIndex":3},"starter-topic":{"id":"starter-topic","title":"About EnigmaDoc","url":"starter-topic.html","level":0,"tabIndex":4}}},"topLevelIds":["UserManual","Installation-manual","Release-notes","Programmers-Manual","starter-topic"]}